Review,True Label,Naive Bayes Prediction,Logistic Regression Prediction,DistilBERT Prediction,Error Pattern,Error Category,Possible Reason
"Why do I give this 1974 porn movie 7 points? Because I watched it. And I found it hilarious! Aliens, their weird spaceship, their weird helmets... my God, was that a sight. And all what these desperate alien women need is semen from the earth.<br /><br />And where do they look for it? In upper Bavaria, Germany. And that is where the main fun comes from: In Europe (and more so in German-speaking countries), Bavaria is seen as a traditional and backward region. And then the actors are so helpless with the alien women. Well, there have been films about people being unable to deal with women like the ""American Pie"" series.<br /><br />But what this film achieved is a true, funny weirdness. You constantly wonder how they came up with these crackpot ideas. But it was 1974, and looking back 35 years fills one with a kind of nostalgia. You've never seen a film like that.<br /><br />And if you don't mind seeing the casual pubic hairs and breasts, watch it once. It is a comedy essentially, not a porn flick.",1,0,1,1,"Naive Bayes wrong, stronger models correct",,
"Carole Lombard stars in this transition period film. This film is a typical example of a very early ""talkie"" (First practical sound film was ""The Jazz Singer"", 1927). Overall, the acting in this film tends to be extremely broad and very melodramatic.<br /><br />The viewer may easily note that the actors are still ""acting"" for a silent film, and this combined with the overly pronounced, overly earnest dialog (It seems most likely a diction-elocution-drama coach was employed extensively to teach the ""silent"" actors to speak lines), creates some rather comical scenes which were not at all intended to be comical.<br /><br />Carole Lombard's later great acting ability is all but unrecognizable underneath all the broad gestures, melodrama, and eager earnestness.<br /><br />Mainly interesting as an historical curiosity of the period, and for it's completely unintended comedy-camp value.",0,1,0,0,"Naive Bayes wrong, stronger models correct",,
I went straight to the big screen to view this kicker. This is the only flick that I know of that Tarsem Singh has directed but boy was it intense. This movie was a total mind stimulant and one of the best special effects flick of this kind.<br /><br />The characters were vibrant and and nothing short of beings created in your own mind or nightmare. This movie is scary and interesting and totally bombs the senses with fear and exhilaration. This movie compares to no other I have seen except for the level of being beautifully odd. In that respect it is a fairly large step above `A Clockwork Orange.' Definitely see this movie on the big screen and don't wait for it to come out on tape. It won't be half as good on tape.<br /><br />This movie is not for the easily freaked out. It will mess with your mind and leave you with images that take a while to forget. But for those who like to be freaked out.....ENJOY!,1,0,1,1,"Naive Bayes wrong, stronger models correct",,
"I was kinda surprised by the PG rating on the back of the DVD case. I certainly wouldn't want my kids watching this one. I think this would scare the crap out of a 10 year old.<br /><br />Plot: A girl trying to fit in to the clique is hazed and tormented by the 'in crowd.' They talk her into spending the night in this creepy mausoleum (that reminded me of Phantasm...) and they proceed to torment her in the night. Little do they know, a recently deceased clairvoyant is coming back to life and raising the dead around them! It sounds awfully cheesy, but given the age and the budget, which was no doubt pretty small, this film is fun on many levels.<br /><br />Watch for an early EG Daily as one of the in crowd brats. I enjoyed it and it scared my girlfriend.<br /><br />7 out of 10, kids.",1,0,1,1,"Naive Bayes wrong, stronger models correct",,
"This is a perfect movie to watch with a loved one on a cold and snowy night. If you like a few laughs with your horror then this is the movie for you. The makings of a real cult classic. It has everything you would want to see in a horror movie. A beautiful girl, A hero, The buffoon, A MONSTER TRUCK and of course a family of mutant satanic killers. This one is full of blood,guts and gore. I strongly recommend watching this one in the wee early morning hours, and be careful of who sees you being entertained by the sounds of Monster trucks, Bad {But Funny } One liners and our Hero eating eye ball stew. Not as good as the Evil Dead but a close second. Just remember WARNING..... Do NOT EAT BEFORE VIEWING THIS FILM...",1,0,1,1,"Naive Bayes wrong, stronger models correct",,
"and quite frankly that just sums it up.<br /><br />It is a small computer animated series that is filmed just like an animal documentory....<br /><br />The animation is almost flawless (I thought the long necked swimming dinosaurs eyes looked fake).<br /><br />However some of the model shots didn't look quite that realistic...<br /><br />and I thought that Jurrassic park made a better T Rex..<br /><br />If this is the type of thing we see on a normal British TV series then I cannot wait to see what they can accomplish in the movies..<br /><br />I give this 10/10 stars...<br /><br />(and the ""making of"" video was also great.....the dinosaur on the skate board was halarious)<br /><br /><..>",1,0,1,1,"Naive Bayes wrong, stronger models correct",,
"The other reviewers are way WAAAAY off as to why the Farscape show has been (temporarily) put to rest. It has NOTHING to do with the quality of the shows 'slacking'. In fact, the exact OPPOSITE is true. They kept getting better and better! :) I have seen every episode and when you simply watch them in order you really become in awe how much cooler it gets as they move on and on, and the wormhole & Aeryn subplots are really very interesting and gave it MORE vibe, not less. Before it was sort of chaotic, slow, and rather aimless. They spent like the first two seasons running from this foe type, but in the second two they were actually trying to DO something :) Also I have never seen such a great fun blend of sexy gals and attitudes in Sci-Fi. The blue girl - Zahn - was cool, but not 'sexy'. They literally got to the point where the gals were running around in leather corsets and high heels blasting aliens - now tell me, what could be cooler than that??? :))<br /><br />The real reason Farscape went off for a bit is because it was costing too much - and that is a GOOD thing for the fans, because the show, watched end to end, is really like a 60 hour long epic movie, with all the cinematics of the blockbuster stuff (ok ok they do use similar sets a lot, but the CG is great and the gals are sexxxy).<br /><br />Blah blah - the real reason is because TV shows are about PROFIT. It is a BUSINESS, and the Sci Fi channel or whoever was not getting as big a return on this expensive Farscape show as they could with junk shows like 'Stargate'. Lexx was actually cool until they got rid of the hot German girl and replaced her with this bizarre fat-lipped oddity.<br /><br />Anyway yes, remember this: Farscape kept getting better and better, until it was really like a little real movie each week. Then the networks decided 'hey people will watch any old piece of drek we shove on the air as long as it is the only sci fi thing on at that hour, so why are we spending all this money on Farscape, let's shove cheesy low-budget 'Stargate' down people's throats and call it a 'hit series' because it's like all we play every darn night LOL :))<br /><br />That's the way it goes. Also I gotta tell ya that Claudia Black is a really cool actress. After she got her facelift (got the baggy eyes tightened) she was looking really cool - one of those dynamic types like Judy Davis, and sometimes hot looking, sometimes ugly - like a roller coaster ride. I'd par Claudia Black with Lucy Lawless in style and substance - both VERY fun to watch - not just Chrichton :) And yeah you may say the pregnancy thing was cheesy, but how many sci fi shows have a BELIEVABLE and DEEP romantic subplot that actually goes somewhere and progresses?? It was legitimately cool as a romance story - the actors on the show are great. It really is a shame the show is in limbo for now, but I hope it comes back in more episodes soon and movies as well, because I will deffinately buy them! :-D",1,0,1,1,"Naive Bayes wrong, stronger models correct",,
"... sings David Bovie in this movie. BUT IT IS!!! It's ALL about America, so don't be ashamed to watch it. Just think, if you can, to prevent more damage... You know, you're just the same regular guy next door, so, be careful! One of the best critics of ""common"" mind and friendship. Still don't care? Go for it for the music - it's worth a try, just close your eyes and Pat Metheny and David Bowie will touch you so deep you'll start to scream! And while watching, if you'll dare to open your eyes, please don't do the popcorn&stuff, you're gonna miss quite a lot. You may think that it's not worth, but, think twice - and don't look at your neighbours lawn - you never know what to find there... Is It worth? Try it! Just don't die or gloat over it...",1,0,1,1,"Naive Bayes wrong, stronger models correct",,
"Boring as hell and kind of a chick flick.<br /><br />It's the story of a neurotic woman who struggles with the concept of marriage as a business arrangement, the romantic nature of a one night stand, and the uncertainty and pitfalls of true love.<br /><br />Many of the story's motifs are reminiscent of other recent KST movies (e.g. the English Patient), but have far less appeal.<br /><br />After the first half-hour I started checking my watch, wondering if I'd make it home in time to catch Leno on tv.<br /><br />I passed up ""Gladiator"" to see this!?!",0,1,0,0,"Naive Bayes wrong, stronger models correct",,
"This is a pretty silly film, including what may well be the least erotic come-on ever to make it to the big screen (the heroine pours V-8 all over herself and invites the hero to lick it off -- yuck!). And yet it also features the resplendent Lucinda Dickey in what is far and away her most erotic performance. In those long ago days, women -- even action heroines -- with real muscles were a rarity, and I can still remember the way my jaw dropped when Dickey took off her shirt, revealing the most powerfully built female back and biceps I'd ever seen. Dickey's beauty and vitality carry the film: she could have been a female Schwarzenegger if anybody had had the vision to promote her.",1,0,1,1,"Naive Bayes wrong, stronger models correct",,
"This is probably the funniest thing I have ever seen - from start to finish it was perfect in timing, atmosphere, punch lines, background music, fighting sequences and every other possible aspect you can think of. To be absolutely honest i find this movie as funny as their (Rik & Ade's) sitcom ""Bottom"" - maybe even funnier. I laughed constantly throughout the whole movie and can only recommend seeing this film... However, if you watch it without knowing (or liking?) the type of comedy Rik Mayall and Ade Edmondson has done before, you might not think it's funny at all - but I REALLY can't understand those who dislike it - THIS IS HUMOUR FOLKS!!! (People getting hit with frying pans, guys running around wearing red rubber lingerie, green vomit filling the hallways, guys getting kicked in the b******s and getting candlesticks in the eyes - HOW can this NOT be funny???) 10/10",1,0,1,1,"Naive Bayes wrong, stronger models correct",,
"You think the police are always right.<br /><br />You believe that ""eye-witnesses"" are always right.<br /><br />You believe the prosecutors will not take a case to court if lazy police have failed to perform 98% of a basic investigation.<br /><br />You believe a U.S. city might have a ""few bad apples"" in law enforcement, but that the ""good cops"" will quickly nip those who systematically engage in evil-for-evil's sake in the bud.<br /><br />You believe that the possibility of an ex-football lineman being instated as a detective solely because his dad is the county sheriff, and being allowed to beat ""confessions"" out of randomly-selected teenagers with absolutely no fear of negative consequences to himself could happen in the America of the 1930s, but not today.<br /><br />You believe a judge will NOT send a case to the jury if anyone with a brain in their head can see the defendant is a totally random passer-by nabbed by the police because it was hot, and they did not feel like working that day.<br /><br />You believe that all the innocent people imprisoned six months here or 20 years there are ""exceptions to the rule,"" and an injustice like this could NEVER involve your family member, someone in the middle class, or someone like YOU.<br /><br />You think that you are aware of every terrible, indisputable, 100% proved outrage of the last 10 years in America--yet you haven't seen this film.",1,0,1,1,"Naive Bayes wrong, stronger models correct",,
"I grew up with the Abbott and Costello movies, A. because my dad grew up with them and both our last names are abbott so we owe the deo a bit of respect, I didnt realize the flack this movie and others of theres gets. It was a really clasic due, it was funny cause abbott and costello were always the same characters, but it was sooo funny, now what i like about jack and the beanstalk is that even though the love story is totally boring and that one song the prince sings, omg , awefull, but i like the angle they took on the love, story, the couple has to get married cause one kingdom is running out of money, they meet in the jail cell and fall in love becaue they both pretend not to be royal and they end up being the couple, so happy ending, i dont think that was the orginal version, if it was they should have cut it out of this movie, but i think it was orginal and i love it. but watching it sucks, lol, also when the movie really kicks in with the giant + abbott and costello it is sooooo funny. when the giant is beating jack into the door and jack is screaming ""OPEN THE DOOR, OPEN THE DOOR"" that stuff is really funny. And that once joke where jack starts screaming prince, prince and all those dogs jump him. kinda cheezy but really orginal. i wish they would have al least tried to remaster it, though i got that africa screams\jack and the beanstalk, and i dont mind the quality cause when i had it on tape it was bad quality also so whatever i guess. the begining is mildly funny the middle is really really funny, and the end is not funny in the least, but i am 19 years old and when a movie made in 52 makes me laugh this hard, it rocks, this movie is really funny. i love their style. also the chapters suck. also the part where jack is climbing the beanstalk and they are all singing a song about what a dipstick jack is and that he will be killed, thats pretty funny",1,0,1,1,"Naive Bayes wrong, stronger models correct",,
"Jeff Powers (Lou Diamond Phillips, ""Young Guns 1&2""), a cop with a history of roughing up criminals, is recruited into an elite clandestine LAPD division. This doesn't sit well with Jeff's newspaper reporter girlfriend, Kelly (Chelsea Field) who's looking for a story on the squad. Soon enough Jeff's conscience gets the better of him which puts him at odds with Dan Vaughn (Scott Glenn, ""the Hunt for Red October"" & ""Backdraft""), the leader of the unit.<br /><br />This is a fairly routine, dare I say mundane, cop-action/drama that holds no surprises thanks to a cookie-cutter plot that's content to go strictly from point A to point B. The acting is all right for what the actors were given to work with however that's no real reason to watch the film. Kinda sad seeing as the six previous Mark L. Lester directed films right before this one (from Class of 1984 to Showdown in Little Tokyo) were all highly entertaining vehicles. <br /><br />Eye Candy: Chelsea Field gets briefly topless<br /><br />My Grade: D+",0,1,0,0,"Naive Bayes wrong, stronger models correct",,
"Paul Muni and Bette Davis overact monstrously while lacklustre studio hack Archie Mayo seems distracted and oblivious in this racially provocative film that derives its ""bittersweet ending"" by condoning segregationist attitudes. Heavy handed and poorly constructed the film collapses under its own weight within the first fifteen minutes with an out of control courtroom scene that it never recovers from as Mr. Muni begins to chew up scenery by the yard hollering and howling away in an almost incoherent fashion.<br /><br />Johnny Ramirez is a Mexican American from the other side of the tracks who through determination and grit attains a law degree from a store front night school. In his first big case involving an auto accident he displays only ineptitude and is quickly made to look the fool by his well heeled opponents and an impatient judge who recommends he be disbarred. Devastated by the setback an angry Johnny takes on a job at a gambling joint where he is befriended by the owner Charlie Roark (Eugene Palette) who likes his style. The owner cuts him in on the place but problems arise with Mrs. Roark (Davis) who also wants a piece of Johnny. She kills Charlie, implicates Johnny and slowly goes mad before he is acquitted and free to be with a high society Wasp who coldly explains to him that they are from ""different tribes, savage"" and it will never work. When she flees to escape his rage she is run over and killed by a car. Ramirez sells the casino and moves back to his poor neighborhood rationalizing that its best to stay with your own.<br /><br />In addition to this appalling denouement Bordertown has a series of bad performances to compliment the overall ugliness of the story. Unfair as his plight might be, Muni's Ramirez is so abrasive and arrogant it becomes hard to show sympathy for such a bull headed blunderer. Davis is no better as the less than loyal wife matching the same adolescent emotions of Muni. Her Lady Macbeth mad scenes give no indication that she was about to become the best film actress of her era. Margaret Lindsay as Muni's American Dream is cold, remote and flat.<br /><br />Bad as Bordertown is (and it is very) it remains an interesting indicator of the times and acceptable attitudes. The rest is just a mishmash of bad acting and uninspired direction.",0,1,0,0,"Naive Bayes wrong, stronger models correct",,
"Leatherheads is an apt title, however a leather strap would be more useful to self-flagellate oneself after purchasing a ticket to watch this noxious attempt at entertainment. Clooney's attempt at self deprecating humor comes across with a quiet thud as his demeanor implies that he is anything but. Perhaps with another actor playing the Clooney role, the movie might be marginally palatable. Sorry George, I doubt there will be any Oscar nods this time. George Clooney is definitely a fish out of water when it comes to comedy (unless you are referencing to his politics). Anyway, only the most ardent of Clooney fans will enjoy watching Leatherheads, everyone else will long for the days of the silent picture.",0,1,0,0,"Naive Bayes wrong, stronger models correct",,
"I really can't see why people seem to dislike this film. I found it very entertaining (of course the fact that it stars the gorgeous Laura Fraser is a bonus!) When I first heard about it, I thought it would be along the lines of a role-reversed ""Weird Science"" and, to an extent, this is true, however there is a twist which I really didn't see coming. Having seen the trailer on the DVD (which I hadn't seen before watching the film) I saw that the ""twist"" is actually shown in the trailer! Very strange.<br /><br />As the film progresses the ""Weird Science"" comparison fits less and less, and I think this is the better of the two films. Certainly there are some scenes which don't work wonderfully, but these are made up for by the enthusiasm of the young cast.<br /><br />In summary, I'd suggest that this is a fine example of a Sci-fi chick flick, and I don't think I've seen many of them!",1,0,1,1,"Naive Bayes wrong, stronger models correct",,
"Very strange screenplay by Cameron Crowe (following on the heels of his ""Fast Times at Ridgemont High"") has little inspiration and flails away at dumb gags. At least ""Fast Times"" had a fair share of satire and sensitivity behind its slapstick (courtesy of a good director, Amy Heckerling, and Crowe's undeniable penchant for capturing letter-perfect teen-speak); here, Chris Penn (Sean's brother, natch) is the goof-off who makes life hell for straight arrow Eric Stoltz, and the filmmakers seem to think he's hilarious. Jenny Wright has some good moments as a mall-worker, but Illan Mitchell-Smith is lost in a head-scratching subplot about a teen who seems to be infatuated with a shell-shocked ex-soldier. Queasy, confused nonsense given a shiny sheen and a soundtrack full of pop-rock tunes, but characters one would hope to avoid. Supporting players Lea Thompson, Rick Moranis, Lee Ving, and Sherilyn Fenn are wasted in stupid roles. * from ****",0,1,0,0,"Naive Bayes wrong, stronger models correct",,
"OK, Anatomie is not a reinvention of the Horrormovie-Genre, but nevertheless it is well done. Good actors (Potente and Führmann at first) and some nice ideas made me happy. Maybe i would have been not so positive if this wasn´t a german movie, but who cares. It is good to see familiar faces in a good, thrilling story, with some gore and some good jokes in it. All of you complaining about the dubbing: i didn´t see a dubbed version (of course) but i believe that it is not easy for you to watch dubbed movies. We (Germans) are used to watch movies like that, so it´s not a big problem. But try to watch in german with subtitles. The actors are really good!",1,0,1,1,"Naive Bayes wrong, stronger models correct",,
"Dear reader, Watch out! This movie is not really a movie, though its creators have the impertinence to call it so. If you have not been warned about its content, here it goes: the film is simply a sequence of imagines which flow continually and are trying to transmit a certain feeling, concept. They could be called, therefore, symbols. The images are accompanied by a soundtrack, it's purpose being to create atmosphere as well. However, the images the director has chosen can only transmit feelings to an American audience, because they are, in an overwhelming number, American icons. Though the film is intended to express the idea of ""civilized warfare"", it fails to do so not only because of the general chaos, but also because it is far too long and tiresome, and I strongly felt that a lot of the scenes have not to do with ""war"", in whichever conception. To conclude, I was greatly disappointed by a documentary which is not a documentary, a movie which is not a movie, a ""something"" whose only strong point is the extraordinary use of technology in image processing.",0,1,0,0,"Naive Bayes wrong, stronger models correct",,
"Based on a Edgar Rice Burroughs novel, AT THE EARTH'S CORE provides little more than means to escape and give your brain a rest. A Victorian scientist Dr. Abner Perry(Peter Cushing)invents a giant burrowing machine, which he and his American partner(Doug McClure)use to corkscrew their way deep into the earth to explore what mysteries it may hold. They soon discover a lost world of subhuman creatures having conflict with prehistoric monsters.<br /><br />Cushing comes across as an absent minded professor to the point of being annoying. Instead of being a bold adventurer, he comes across effeminate. On the other hand McClure overacted enough to make himself also laughable. Caroline Munro plays the pretty Princess Dia that refuses to leave her world near the center of the earth. Also in the cast are: Godfrey James, Cy Grant and Michael Crane.",0,1,0,0,"Naive Bayes wrong, stronger models correct",,
"Okay, I'll admit right up front that the Inki cartoons made by Loony Tunes are pretty offensive and I can understand why Warner Brothers has pulled them off the market. Seen today, the huge-lipped and very stereotypical Inki is not politically correct. However, the cartoons were well-made and it's a shame they aren't released with some sort of explanatory prologue (such as the one with Leonard Maltin they included with some recent politically incorrect Donald Duck cartoons that were recently released on DVD). In other words, throwing out the cartoons completely is to forget our history. Plus, Inki, Little Black Sambo and other racist cartoons are out there--especially on the internet.<br /><br />This Inki cartoon has our little hero out hunting. At first, he's chasing a cute little caterpillar but later accidentally happens upon a lion--a lion that is more than happy to make Inki his dinner. However, through all this, a weird Minah appears again and again...and eventually you'll see why this bird is so important to the story.<br /><br />Cute, well made and clever. I like the Inki cartoons. Plus, I take pleasure in showing them to extremely thin-skinned liberal friends just to watch them have apoplectic fits or even heart attacks. Loads of fun, folks!",1,0,1,1,"Naive Bayes wrong, stronger models correct",,
"I don't know what some people were thinking when they said this movie was bad. It Was Great. Classic Bruce Campbell, yes it was low budget and the special effect showed this but that is not what you see a Bruce movie for you watch it for Bruce. Also Ted Rami was excellent. I found this movie hilarious and entertaining I still crack up when I recall Bruce on that pink moped. Now I will admit this movie is not for everyone if you don't like B movies you probably won't like this one if you crave big budget effects and actors steer clear. But if you like slap stick and off the wall sci-fi plots this movie is for you.<br /><br />Hail The King Baby!",1,0,1,1,"Naive Bayes wrong, stronger models correct",,
"When I first heard that this movie was going to be made, I was very excited to see it. The ideas to make a movie of this caliber, as good as it was, must have been very difficult. I wasn't really sure if anyone could encompass all of the Pope's many amazing qualities in a movie, but the movie did his memory justice. In my opinion the most important task was to reveal to the people who the Pope started out as. To his days in Poland, all the way to his last days in the Vatican, this movie followed every aspect of his life. Thomas Kretschmann, the man who played the Pope in his adult life and on, did a very good job at getting the emotion across. Overall this movie was educational, but also very entertaining.",1,0,1,1,"Naive Bayes wrong, stronger models correct",,
"any movie that has a line of dialogue that goes something like this....""Judy's getting ready for her date, Butthole!"" has to be good! I found this on DVD unrated, unedited and was pleasantly surprised, a lot of hard work was put into making this movie. I actually enjoyed this more that a lot of 80s movies I have seen. Great addition to my movie collection.<br /><br />The buildup was great, sets up the scares for the rest of the movie. Loved the GORE and the T&A. I never thought eyeballs being gouged out would look like popping boils, the color of the eye splatter was gross! I keep thinking that ""Rog"" looked like Tiger Woods but more black, anyone agree?",1,0,1,1,"Naive Bayes wrong, stronger models correct",,
"I have seen a number of horror movies to know that this one was one of kind. Full Moon Pictures has a knack of giving this fan an entertaining night. For all the cheesiness of most vampire films, This Is the ONE that has not only a good premise but has two good sequels. A Must See.",1,0,1,1,"Naive Bayes wrong, stronger models correct",,
"I originally posted the first user comment on this movie,and claimed it was crap and it didnt make sense.I DIDNT MAKE SENSE. Campfire tales is a thoroughly enjoying film (now that im 2 years older and watched it last night).The actors were famous but not TOO famous. The acting itself was more than acceptable,it was rather good.I will rate the movie per segment of films.<br /><br />1)The black and white scene (A.K.A-""The Hook"") This one was rather pointless,it looked good,but didnt hold much grip at all,the only disappointing one,i dont think it was even included as a segment.Here is the scare-o-meter.<br /><br />------(Poor)<br /><br />2)The R.V Story (honeymooners stuck in woods) Possibly the most entertaining of all tales,the acting was good in this one too,dissapointing bout the typical caravan sex scenes.Yet it was intruiging,you think ""WHo was knocking on that door"".It had suspense,and not too gory.Liked this one<br /><br />--------------------------(Very Good)<br /><br />3)Internet Chat Tale (Little Girl Meets Psycho) This was a smart addition,gore left at a minimal,frights left at EXTREME.Although dull at times,the last few minutes were most entertaining,dont get me wrong it was still fun to watch.Real creepy,and could happen to anybody,so watch who youre talking to.<br /><br />---------------------------(Very Good)<br /><br />4)Ghost Tale (Man kisses ghost)?? Not the best,it wasnt too atmospheric for a ghost tale.This one was strange,the aspects were rather good,playing music and the screaming,but everything was too real to be ghastly,although it was good,it was quiet bloody,and could have been better with that idea.<br /><br />-------------(Acceptable)<br /><br />5)The Ending (the 4 lost teenagers) These are the 2 attractive gals and guys telling the tales through-out the film.The best thing about the film is definantley the ending,it set a great impression,the ending was totally un-expected.Watch it,it was so well done,the realism was spectacular.<br /><br />-----------------------------------(TOP NOTCH)<br /><br />6)THE FILM OVERALL Campfire tales was more than i used to take it for,i actually like it so much now im buying it on video,cause its a truly entertaining horror movie forget the trash you see these days,like many,im dissapointed that this didnt really go nowhere,it was straight to video,to me it was better than all the hype ""horror"" you see these days. Overall for Campfire Tales<br /><br />----------------------------- (Very Good)<br /><br />8 out of 10",1,0,1,1,"Naive Bayes wrong, stronger models correct",,
"I never heard of this film when it first came out. It must have sunk immediately. :o) I saw it on cable while sick in hospital so I hardly had enough energy to watch it, let alone turn the channel. Better choice than the Style Channel. ;0(. Filmed on location, this travelogue should have been on the Travel Channel. The plot is recycled from ship board farces of the thirties and forties. The cast seems to have been recycled from the fifties. Donald O'Connor, star of musicals and Edward Mulhare as a card shark. As to the main cast, Walter Matthau is still playing the same part as he did in Guys and Dolls or was it the one about the orphan girl? Wiseacre irresponsible gambler and rounder. But it just doesn't take with a man of his age. As to Jack Lemmon, he plays his part so straight, he can hardly dip and glide when dancing. And as mentioned, Dyan Cannon is outstandingly attractive as another swindler sailing with her mother who thinks Walter is rich, while he thinks she is rich. Elaine Stritch plays Dyan's mother, another retread from the fifties. The most fun is the running feud between Brent Spiner as the domineering and snotty cruise director who immediately spots Walter as a poor dancer, and spends his time trying to get him dismissed so he will have to pay for his free passage. In the end, though he receives his comeuppances. Meanwhile Jack mopes about, meets an attractive woman, with mutual attraction, but their affair is broken up by Walter's lies that Jack is a doctor, when he was actually a retired department store buyer. But finally, the two men take to the sea in a rubber boat to intercept her seaplane and all is well. There does not seem to be any principal player under the age of fifty.",0,1,0,0,"Naive Bayes wrong, stronger models correct",,
"The plot in this movie is very thin, and there is not much acting. Val Kilmer--I don't know why he agreed to do this movie--plays a minor role as a gang leader. In short, the movie is tedious to watch.<br /><br />One guy, who sort of resembles an archeology/religion professor, is exploring a subterranean area of Moscow, that has some history connected to railway construction and the Bolshevik revolution. A church tragedy in that history makes the exploration ""spiritual"" and spirits of a malevolent intent haunt the underground ruins. A friend of the professor decides to find his friend in the underground and hires a couple of Russian guides. The entire movie is based on this plot and contains much repeated footage of the underground, and some camera effects; much like those seen in ""Day Watch"", ""Night Watch"", etc.",0,1,0,0,"Naive Bayes wrong, stronger models correct",,
"The films' producers are hoping that Cameron Diaz' name will help sell this picture. Unfortunately, nothing can save what has already been captured on the screen. Despite some beautifully shot European locations and some solid production design elements, the film fails mostly due to its awkward, unbelievable romance between Brewster and Eccleston. An unplesasant filmgoing experience.",0,1,0,0,"Naive Bayes wrong, stronger models correct",,
"Having enjoyed Koyaanisqatsi and Powaqatsi I was looking forward to this third part of the Qatsi trilogy and seeing what direction it had taken. Rarely has a film so spectacularly failed to live up to its predecessors and lost its way. Although it tries to represent ""civilised warfare"" in the form of sport, science, trade and other forms of competition, it lacks the global scope and even the coherently developed themes of its predecessors. War is chaos, but even wars have an aim in mind and this film had little structure and unclear goals.<br /><br />Naqoyqatsi is flawed by being a chaotic melange of images that does little to develop its theme. On the plus side, it wisely avoided using some of the iconic images of last century's wars.<br /><br />Naqoyqatsi is also so insular that several times I had to remind myself that I was not watching an advertisement promoting the American way of life. Perhaps this insularity reflects the ongoing ""War on Terror"". When representing ""sport as war"" the prominent team logos ensured that the USA was depicted as the winner. Hence it missed the opportunity to depict some of the many sports around the world and showing that humanity is united in its use of sport as a form of civilised warfare.<br /><br />Apart from newsreel, the footage seemed to have been shot on a budget in the confines of New York and there was little recognition of ""life as war"" in the rest of the world. The gallery of faces (waxworks) gave only a nod to the existence of important personages outside of the USA. The makers missed the point that globalisation does not mean Americanisation.<br /><br />The Philip Glass soundtrack sounded much like every other Philip Glass score I've heard (with the possible exception of Koyaanisqatsi) and at best can be described as ""inoffensive"" neither adding to, nor detracting from, the chaotic imagery.",0,1,1,0,"Traditional models wrong, DistilBERT correct",,
"For the first forty minutes or so, Luna is a real pleasure to watch. The characters and their situation are interesting and the photography and locations are beautiful to look at. Then Jill Clayburgh discovers her son Matthew Barry is using heroin and the movie starts to unravel and then becomes outright laughable in its sickness.<br /><br />Clayburgh asks him why and when he started using the drug and she nor the audience ever get a straight answer, which would be a bit helpful. He mentions not caring about anything but that's not right because we see clearly in the amazing early scenes that he has a good deal of interest in his mother's singing, baseball, sex, and apparently cared enough to turn down marijuana. This movie is for people who think junior gets into hard drugs because mom and dad were workaholics who missed his piano recital. I think such a dangerous and emotionally volatile drug like heroin was chosen as some sort of intellectual catalyst for the later scenes of incest. There's a lot of discussion about the mother's love for the son but it's really about Bernardo Bertolucci being pretentious. Luna would have been great as a quaint little family drama.<br /><br />How old was Matthew Barry in this movie? I was more concerned over the bizarre things he had to do as an actor for this film than for anything his character was going through. ** out of ****",0,1,1,0,"Traditional models wrong, DistilBERT correct",,
"a scarily real drama, there isn't another drama out there that has scared the crap out of me like this has, the characters are not your typical Islamic terrorist, you have a blonde haired, blue eyed guy who is as dumb as he looks, he is a converted Muslim. A well respected business man, who pretends to be Jewish and a Frenchman who has converted to Islam, but has clearly taken the word of the Koran to a whole new level. The hero of the plot is Darwyn, who is an undercover FBI agent who has infiltrated the terrorist cell, and has to do all sorts of god awful things to prevent himself from being detected. The first episode is a small taste of what's to follow. Although it is about Islamic terrorists the drama has a unique way of pointing out that not all Muslims are extremists, which is comforting to those concerned with racism, considering half the terrorist cell are Islam converts, it makes you think that maybe they are the ones to be afraid of. The most chilling drama I've ever seen. The reason its so chilling is cause you never know who your friends, your husband or your neighbours really are. Terrorists can be anyone, anywhere, anytime.",1,0,0,1,"Traditional models wrong, DistilBERT correct",,
"This documentary was neither professionally nor objectively made. The whole thing played out like a conspiracy theory by IBM to win the match in question just to make some money. Garry Kasparov has an ego problem. He was puffed up before the match and when he lost, he didn't like it. I remember playing chess against computers back in the 80s and it wasn't too difficult to win. As time went on, I started to lose and didn't like it. Today, I simply don't play against computers anymore because they're just too good. Not only that, the games are uninteresting and lack the appeal of human games, where both sides are more likely to err and open the game to exciting possibilities. This documentary keeps showing us images of The Turk which is an ancient chess playing automaton that was really controlled by a human being. From the start until the end we are lead to believe that IBM short of literally hid a human GM in the back of their cupboard-sized computer. I'm a computer scientist and take offense at the notion that just because Garry lost, IBM must have cheated. I know how computers play chess. It's not magic and it's no mystery. They can be trained, have huge amounts of chess knowledge and they most certainly see positions and possibilities in unprecedented detail compared to humans. It's really no surprise that Deep Blue won. Perhaps at the time it was. If it happened today, given the ever-increasing processing power of machines; people would hardly blink. If a machine couldn't at least draw with a GM today, people would think the program was weak.",0,1,1,0,"Traditional models wrong, DistilBERT correct",,
"Man with the Screaming Brain is a story of greed, betrayal and revenge in the a small Bulgarian town. William Cole, wealthy industrialist, winds up with part of his brain replaced by that of a Russian cab driver Yegor. The two couldn't be more different, but they share one thing - both were killed by the same woman. Brought back to life by a mad scientist, William and Yegor form an unlikely partnership to track down their common nemesis.<br /><br />Bruce Campbell returns to the B horror movie genre that gave him his cult status, this time not only in front of the screen, but behind the lens. Unfortunately for this time around, the laughs don't deliver and Campbell has to resort to what he does best to try and fill the gap in this film.<br /><br />As a fan of Campbell, who has the movies, the books and the action figures, I was hoping for another hit to add to my collection. Although, after seeing this film before the purchase, I am glad that I don't have the ""pleasure"" of adding it.<br /><br />The film first goes wrong in the story, which at first sight, seems like harmless fun but turns out to be boring drawn out dribble. Which is a sad thing to say because it was written by Mr. Campbell himself. The comedy never really hits, it only makes us scratch our heads. It seems that Campbell ran out of things that are funny and resulted in giving the audience what we've already seen...him fighting himself.<br /><br />Ted Raimi, the brother of Evil Dead director Sam Raimi, is undoubtedly the highlight of the film. He brings a freshness to it and an entertaining time when the film really needs it. It helps if you are a fan and have been following these stooges from Evil Dead to Xena, which is why I felt compelled to like this film.<br /><br />Campbell's experience as a director, from directing episodes of the TV series Hercules is apparent. Campbell makes the film work well enough, even with the low-budget. In the end, there aren't as many things going for this as one would hope for, but the fans of Campbell will stick behind it no matter what, unfortunately for this fan...I won't.",0,1,1,0,"Traditional models wrong, DistilBERT correct",,
"Altman's Quintet has to be considered more than just flawed: As so many other reviewers have pointed out, the ideas behind the film, even some of the choices in depicting those ideas, ought to work--and yet very little in this difficult film does. The partially fogged camera lens--I remarked to my wife that it has to be the most distracting directorial conceit I've ever seen--never allowed me to get ""into"" the film's world.<br /><br />In general there are serious problems with the mise-en-scene employed here. It's clear that no small amount of thought went into factors like costume and production design, but neither is very effective in evoking a believable world. Perhaps it is a matter of scale; the film is so stage-bound that I laughed out loud once it was mentioned that ""five million"" people lived in the city. (Yes I understand the constraints of the film's budget. Matte paintings here and there might have helped.) In all the most disappointing Altman film I've ever seen. Great ideas and grand metaphors do not always come through in art--it's just part of the game.",0,1,1,0,"Traditional models wrong, DistilBERT correct",,
"I've taken another look at this film and still consider it pretty good. Chloe is one of the few hardcore stars who really can act. She appears occasionally in soft core such as ""Body of Love"" and ""Lady Chatterly's Stories"" on Showtime. I thought Nicole Hilbig did OK too with her nice body and charming accent. Too bad she's not in more films.",1,0,0,1,"Traditional models wrong, DistilBERT correct",,
"A good documentary reviewing the background behind our societies oil addiction, the problem concerning our present energy usage and finally discusses the effects of the coming energy deficit originating from the peak oil production problem.<br /><br />This movie should be educated to all students as part of their education. Show it to your children, parents, relatives and friends. They will thank you eventually.<br /><br />After reviewing the contents of this documentary and comparing its mentioned sources I would say that the facts in this movie are well scientifically supported.",1,0,0,1,"Traditional models wrong, DistilBERT correct",,
"The twins effect is a vampire martial arts movie available in Cantonese with English subtitles. It is a Jackie Chan production and he does make a special guest appearance, although it is not for those that liked Shanghai Noon/Knights and the other recent Hollywood flicks he has become known for, this film is a lot more special than that.<br /><br />It was originally called The Vampire Effect but as a very popular Chinese female pop duo called The Twins (Charlene Choi and Gillian Chung) took the two leading roles the title was changed to cash in on their fame.<br /><br />The film will appeal to three types of audience: those who love martial arts films, those who love vampire films and those who loath the rubbish films Hollywood generally churns out.<br /><br />The premise for the film is that vampires are about and a secret society seeks to hunt them down before we all become snacks for the undead. This bloody work is carried out by some martial artists who drink a little vampire blood to give them the edge they need, well it must be thirsty work! Things are going pretty much for the course until a particularly nasty European vamp finds out that he if he obtains a set of keys held by all the vampire princes then he can walk around in sunlight etc and generally eat when ever he wants to. To say anymore on the plot would spoil the enjoyment of watching the film.<br /><br />The twins consist of one assigned vampire slayer (Chung) and the sister (Choi) of another. It is the twins that really make the film; with some of the freshest and funniest acting going. The fight scenes they carry out are fast and furious and well choreographed with a mix of genuine athleticism and wire work. To add the cherry on the cake the twins are both quite lovely to watch too.<br /><br />The direction is crisp and the script is sharp. There are only 3 things that let this film down: the make-up for the vampires is quite poor, Jackie Chan seems to be in the film just for the hell of it and adds nothing to its content, and some of the slapstick comedy attempted by the male vampire hunter is quite lame. Thankfully the twins save the day bringing an originality to the film normally only found in European films. The best scene for me was one of them (Choi) communicating only by screaming, her ability to convey her thoughts through this medium was a comic delight.<br /><br />Their are many other touches of originality in this film - I particularly liked the coffin complete with surround sound stereo and TV screen! And it is the films' many original touches and acting that stops this from being a tired old flop and turns it into a must see movie.",1,0,0,1,"Traditional models wrong, DistilBERT correct",,
"I read most of the comments here were everybody saw only the flaws of the movie. I agree, the director it's not Kuprik, the actors are not Oscar winners, but it has something everyone could relate to. I don't want to spoil but telling more then the plot - the finishing of school and the trip to a big party, or if you like to see beyond the metaphor, is choosing the way trough life. Remember that days of youth? the days when you or our friend acted like the characters? Or do you think you should acted like one of them and now you regret you didn't? if you can go back in to that time and if you can ask yourself any of this questions maybe the movie wasn't so bad.",1,0,0,1,"Traditional models wrong, DistilBERT correct",,
"While it has been many decades since I last read Mr. Wells ""War of the Worlds"", or ""The Time Machine"", or any other of his works, I believe that they were all set in London, or at least, in England. This Grade ""B"" (""C""?) movie is set in the Eastern part of the United States as was Orson Welles excellent radio adaptation 67 years ago. However, this film exhibits none of the quality of the narrative style of the Mercury Playhouse program. Thomas Howell's emoting would not be acceptable in most high school drama clubs. I was actually embarrassed for him. His rolling around in the grass on the hill crying ""My family, my family"" was almost laughable, as was his reaction to the death of his brother. Of the three film versions of the story that I have seen, this was by far the worst, with Gene Barry's 1950's version the best. Additionaally, this was the first time I ever saw a ""machine monster"" dripping sticky saliva such as did the creature in the ""Alien"".",0,1,1,0,"Traditional models wrong, DistilBERT correct",,
"While I score the movie a 7, I also should point out that it is both interesting historically (as it stars Mae Marsh, Lillian Gish and Lionel Barrymore when they were all younger and less well-known) and features pretty exciting action for its day.<br /><br />The plot is odd for a Western, in that all the trouble with the Indians begins for the weirdest reason I have ever seen! The Indians decide to have a giant dog banquet (no, they are not feeding dogs, but feeding ON dogs) and when two Indians arrive late, there are not pooches left! So, they steal two dogs belonging to two orphans from the nearby White settlement and this actually touches off an all-out war!!!! Not only is this silly, but seems to play on the prejudices of audiences. I don't know if American Indians actually ate dog, but it sounds like the sort of stereotype that later was applied to other ethnic groups. All this over dogs! The movie has some excellent battle scenes and exciting moments--such as when Ms. Marsh crawls across the battlefield to save a baby! Exciting stuff! But, STRANGE, too!",1,0,0,1,"Traditional models wrong, DistilBERT correct",,
This movie is one of the poorest adaptations of a fabulous book that I've seen. Jean George's novel is a fantastic book that I think is an outstanding read for any child. I can't give the same endorsement to this movie.,0,1,1,0,"Traditional models wrong, DistilBERT correct",,
"It's unbelievable but the fourth is better than the second and the third. After the third that was awful, it's incredible how they could have an unexpected sequel with new ideas. Chuck is the same nasty doll of the previous movies. Interesting the final that lets know that a fifth can be done....",1,0,0,1,"Traditional models wrong, DistilBERT correct",,
"A sick man Carleton Hendricks (Dee Snider), cruises the Teen Chat lines as Captain Howdy. He poses as a teenage boy and invites other teens over his house to party. He instead knocks them out, strips them, sews their mouth closed and tortures them (mostly with needles). He captures the daughter of cop Mike Gage (Kevin Gage). He finds him, arrests him and he's institutionalized. Four years later he's released...totally cured. But a lynch mop (led, amusingly, by Robert Englund) attack him and hang him. He doesn't die but he snaps and Captain Howdy is back...<br /><br />A very sick, disturbing, twisted horror film. Captain Howdy enjoys pain and torture and is trying to show the kids he kidnaps how to enjoy it also. The torture scenes aren't that explicit (you hear more than you see), but what you do see is very very sick. There's no humor and the (muted) screams of his victims sound way too real. I was cringing away from the TV during most of the scenes. <br /><br />The acting varies. Kevin Gage isn't that good as the cop--he's not terrible but he could have been better. Dee Snider is very scary as Captain Howdy--his attack scenes are not pleasant.<br /><br />All in all, not your typical horror film. I'll probably never see it again (this film really gets under your skin) but I recommend it to all horror fans--at least those with strong stomaches. I give it a 7.",1,0,0,1,"Traditional models wrong, DistilBERT correct",,
"Not finding the right words is everybody's problem in this vaudeville-type urban comedy. They don't know what to say, and they don't know how to say it, which is why they embark on the potentially humiliating enterprise of pre-arranged speed dating. Unfortunately, they all come across as cardboard characters rather than real people. The story follows a conventional three-act structure: getting to know the sizable cast in their sorry single lives, the actual dating circuit, and a final stretch of romantic fallout, showcasing some of the new-found couples' follies. Because it's all so predictable, I'd say that as a narrative, ""Shoppen"" is a failure. As a comedy, most of the time it's too goofy to be really funny. Thumbs up to Kathrin von Steinburg. She stands out from the soap opera crowd as the aloof, independently wealthy Miriam. Great makeup on her too (Verena Weißert): Heavy eye shadow meets skin-tone lip gloss, creating a brooding and bohemian, yet girlish effect. Thumbs up also to Stefan Zinner as the Bavarian love machine and Tanja Schleiff as the hot nutritionist. They bypass the communication challenge by way of the timeless body language of copulation.",0,1,1,0,"Traditional models wrong, DistilBERT correct",,
"This is one peace of art! If you like comedy you should watch this! Here comes a funny moment from the movie: ""spoiler""<br /><br />Nikolai and Goroshkov are walking together in Paris for the first time. They are visiting the local market. And Goroshkov goes: -""Look Nikolai, how much food they have! Look! One-two-three-ten-thirty-fifty-hundred kinds of meat! But if ask for a tiny-tiny peace, just for the taste, they won't give you. French are very greedy!"" Then Goroshkov takes Nikolai to a TV-shop...Goroshkov: ""Tell me, who needs all these televisions? Look at this monster here, for example!"" Goroshkov points a finger at the ""monster""-TV and goes: ""And this motherfu*ker...he is supposed to be digging a ditch, but no, he's on TV...wait a minute... that's ME! hahah!""<br /><br />Wanna laugh? Watch the movie, you won't regret!",1,0,0,1,"Traditional models wrong, DistilBERT correct",,
"OK. Is Barney the best children's show of all time? Of course not. But in some of the comments left by other members of IMDb you would think it was a multi million dollar production with high class actors and a ridiculous budget for special effects. Well guess what? It's Barney for God's sake. He shows children good behavior, good manors and that it's OK to be who you are. For those of you who find him annoying that is because you are not five years old and the show was not meant for you. To the IMDb member who wrote the review on the first page I think you may have gone a little too far. Did you actually describe a Sesame Street character as ""down to Earth""? Grow up everyone, this is a great show for preschoolers and actually does help children learn in a fun and creative way.",1,0,0,1,"Traditional models wrong, DistilBERT correct",,
"Flatliners left quite a noticeable impression in my head. The story is quick paced and leaves you constantly absorbed and at many times quite tense. Its about five remarkable student doctors (notably Julia Roberts and Kevin Bacon) among whom, one of them has devised the mechanism of remaining dead (or getting flat-lined)for a few seconds and then coming back to life.<br /><br />The procedure is quite 'complex' involving a plethora of medical knick-knacks - injections, electric blankets, oxygen masks and a variety of esoteric medical terms. I strongly suspect doctors coined all these words so that they never need to get layed off. But funnily they follow the KISS (Original version for engineers: Keep It Simple, stupid) (Extended version for doctors: Keep it Stupid, Simple) philosophy as well. At the risk of getting euthanized by some revenge-taking doctor reader, let me continue.<br /><br />So the first guy who gets flat-lined hopes to find the answers to life which philosophy and religion cannot convincingly answer. He hopes to get it answered (and become famous) through applied science. He flat-lines for around two minutes and then comes back into our world left quite shaken. During death, he has a vision of an incident, when he was young, which left the strongest impression on his life. He killed another boy when he was kid, by accident, and he still feels responsible for it.<br /><br />With the success of the first flat-liner, the others follow suit each of them extending their flat-line time further and further to test the limits of how long one can remain dead and experience life after death.<br /><br />Meanwhile monsters from the past and future, keep coming back to haunt them after their flat-line experience. The first flat-liner is haunted by a young kid who tortures him when he is alone. The second who camera-ed all the women he took to bed, sees television sets all over playing his videos. The third is haunted by a young girl who he teased in school. The fourth is haunted by her suicide-dead father, for whom she feels responsible.<br /><br />All of them are driven insane by these haunting and obsessions and think that the past seems to want to take revenge on them. The main focus on getting flat-lined is that your entire life passes through your eyes, at the moment of 'dying', whatever stage that is, and you are left mostly with the strongest impressions of life in your mind. Since they didn't die these strong impressions have somehow resurfaced and have become the focus of their lives.<br /><br />All of them somehow come to terms with (and extinguish) their past demons. All of them except the first one who realizes the only way he can move on through life is getting flat-lined AGAIN. During this flat-line session, he sees himself getting flat-lined the first time and also sees the boy he killed, trying to kill him this time round. The boy kills him this time for a few minutes and in doing so has sought revenge. For a few minutes in the movie one is left wondering if he gets to come back. Thankfully (because most of us like happy endings) the boy absolves him of his past and he comes back to life again.",1,0,0,1,"Traditional models wrong, DistilBERT correct",,
"This film was original in an unoriginal way. Although many movies have tackled the subject of suicide and mental institutions, it was always about treating the patients and making them better because of the doctor's assistance, in this film, however, we follow a depressed guy who falls in love with a suicidal girl and will stop at nothing to make her happy even though she doesn't care for happiness at all, she just wants to die. This was a very interestingly cute romance comedy that in nothing less than enjoyable. This is a fun one to check out if you ever get the chance, you just have to be open minded about the material. Overall i give it a 6.4, i just voted 9 to get the rating higher :)",1,0,0,1,"Traditional models wrong, DistilBERT correct",,
"I guess this is the first movie that made me aware of the term ""cult flick"". It is totally a bad movie, but I can't help it, I like this movie. Richard Boone has made better and so has Joan Van Arc, but if you are in to staying up late and watching movies that don't make you think to much this one is for you.",1,0,0,1,"Traditional models wrong, DistilBERT correct",,
"Sandra Bullock paints a believable picture as the troubled detective, though seeing her as a cynical man-eating victim-turned-persecutor requires a leap of faith (or two). The two creepy troubled kids are portrayed adequately by Ryan Gosling and Michael Pitt. <br /><br />I do have quite a bit of trouble getting Ben Chaplin into the equation (same problem arose when watching 'The Truth About Cats & Dogs' (http://us.imdb.com/title/tt0117979/). I mean, when you put an Englishman into an all-American movie, shouldn't there at least be a reason to put him there? Shouldn't there be some story leading up to the fact that an Englishman is serving as a detective on an American police force? Shouldn't there be some dialog pointing out and explaining that rather obvious fact? Or even some jokes about him being that English? <br /><br />He looks out of place here, as he looked out of place in 'The Truth About Cats & Dogs'. Producers really should take notice, it distracts and annoys the audience (at least me). Nothing wrong with Chaplin's acting, it's just a matter of making an actor who is 'out of place' believable and not putting him somewhere without a good reason or a storyline. <br /><br />The movie itself: well, thrillers, especially those dealing with solving a complicated crime, require some suspension of disbelief. This one's no different; actually, it requires quite a bit more effort than usual. In order to make Bullock smart enough to crack the case despite of all the pressures requiring her to let go of it, some unrealistic assumptions are being made about the evidence, and I'm sure a lot of people who watched it had a few moments of 'Come on, this is highly unlikely under the circumstances' or even 'Hey, you can't brush evidence aside like that to wrap this movie up!'. <br /><br />Like I said: reasonably entertaining and watchable. Just don't use this as required viewing for detective exams. There are no shortcuts there.",1,0,0,1,"Traditional models wrong, DistilBERT correct",,
"Rajkumar Santoshi tries his hands at comedy and succeeds. One of the few good movies that involves Salman Khan. A very funny movie from start to finish. All the characters contribute to the movie and believe me, there are a lot of them. Aamir Khan, Salman Khan, Raveena Tandon, Karishma Kapoor, Paresh Rawal, Viju Khote, Jagdip, Deven Verma, Shakti Kapoor, Harish Patel, Tiku Talsania and more. The direction, editing, sound are not up to par, but that still does not matter, because the actors more than make up for that part.",1,0,0,1,"Traditional models wrong, DistilBERT correct",,
"What were they thinking when they made this truly TERRIBLE film? <br /><br />Arbus, one of the most important photographers and women of the Twentieth Century, had a fascinating and dramatic life. What possessed anyone to make this film, which explains her unique artistic vision, as being the result of an (imaginary) affair with a grotesque, yet charismatic hairy freak (played by Downey)?<br /><br />In real life, Arbus broke out of a traditional marriage and woman's role to express herself. In this movie, Arbus is an ultra-dreary Nicole Kidman whose inspiration is all attributed to a ""Beauty and The Beast"" devotion to an interesting man.<br /><br />For this reinvention, the film is truly shameful. Independent of that, it is also just dopey and dull.",0,1,1,0,"Traditional models wrong, DistilBERT correct",,
"This is a movie with a wonderful concept, but very weak writing. It should never have been released with out at least three more re-writes (assuming it got any). The story is too loosly held together, and there are too many 90 degree turns in the story to make it a cohesive movie. It would be great to see what a decent screen-writer could do with the story.",0,1,1,0,"Traditional models wrong, DistilBERT correct",,
"In the mid 1800s, Irishman Dennis Hopper (as Daniel Morgan) emigrates to Australia, seeking a share of the continent's gold. Instead, Mr. Hopper finds himself branded, and thrown in a torturous prison; there, he is gang-raped. Upon release, Hopper hooks up with aborigine David Gulpilil (as Billy), with whom he seeks revenge upon sadistic Bill Hunter (as Sergeant Smith), Jack Thompson (as Detective Mainwaring), and others. Eventually, vengeance becomes heroism; Hopper is admired and assisted by the common people, and hunted by corrupt and powerful authorities. Hopper's ""scarcely human"" performance certainly fits the disjointed feel of the film. Mr. Gulpilil heads up a strong supporting cast. The personnel involved in ""Mad Dog Morgan"" make it not only worth a look, but also a huge disappointment. <br /><br />*** Mad Dog Morgan (1976) Philippe Mora ~ Dennis Hopper, David Gulpilil, Bill Hunter",0,1,1,0,"Traditional models wrong, DistilBERT correct",,
"Rules of Engagement is one of the best documentaries I have ever seen. It is well constructed, superbly pieced together, and provides excellent footage to back up the assertions that it takes on. The movie's best quality is that it is not based on being sympathetic to the Dividians as much as it enlightens the audience to the blatant governmental mistakes and lies that surrounded the entire situation. I'm left with feelings of disturbing anxiety and extreme anger over the way that the government handled and then covered up a tragedy of this magnitude. The cover up is what left me really fuming. It is one thing to make a mistake in an operation and admit guilt, but another to look the American people squarely in the eye and lie to them. I guess it shouldn't surprise me with the history of our beloved country that has seen the JFK assassination, the Vietnam War, and other significant events that smell so bad of a cover up that you have to hold your nose every time you drive through Washington D.C. The footage from an airplane with special heat sensing technology and the autopsies on some of the bodies clearly show that the FBI is lying to the public. One of the things that I try to stay aware of when watching a documentary such as this is that I am usually only receiving testimony from one point of view. But again, that is without a doubt one of the brilliant successes of Rules of Engagement. It presents its evidence in such a concluding fashion that even if you were presented with statements from the FBI how could you really believe them. I remember clearly when the standoff was taking place the way the media presented the Dividians as this crazed group of cult rebels with David Koresh, the self professed reborn Jesus Christ, as their leader. None of this was truly factual but rather story spun from bits and pieces of facts. They were simply standing up for there rights to bear arms and practice their religion as American Citizens. If you were the ATF and you wanted to search the compound is attacking the building with a unit of men who are armed with rifles and bullet proof suits the way to go about doing it? If you are the FBI why engage in psychological warfare and offer little in actual negotiation to help solve the situation? Why pour gallons of harmful gas if you want to save children? Why open large holes within the compound structure when you know the possibility of starting a fire? Why lie about not firing weapons when it can be clearly shown on video? Unless. Unless you wanted to see the situation end up the way it did. The scene at the end when the Dividians Star of David flag blew off the flagpole into the fire and the ATF's was shortly thereafter raised up was an emotional climatic scene that made my head shake in disgust and my stomach turn uncontrollably. The filmmaker William Gazecki deserves one my highest congratulations. It takes a lot of guts to make a movie like this and I am sure there have been many repercussions from the government for it as well. Because of people like him the public can be shown real truth rather than crap that gets filtered through a media that presents information that can hardly be considered genuine. When I think back to how I felt at the time toward the Dividians because of the media's representation of David Koresh and how I felt after seeing this movie it is truly amazing. It reminds me of the line from the bible of a man who was healed by Jesus and asked by the elders how it happened ""before I was blind but now I can see"" he kept telling them. Do yourself a favor and watch this movie. You may have to look for it but it is truly something special.",1,0,0,1,"Traditional models wrong, DistilBERT correct",,
"This film should have been much better than it was. Christopher Eccleston is an excellent actor but even he couldn't rescue this tale of a young woman searching for the truth over her sister's death. Spoiler warning : In effect the truth is that the older sister ( played by Diaz) is just a spoilt, selfish and shallow girl who took too many drugs. Not much of a twist and not that interesting either. The film is also overladen with far too many flashbacks and voice overs and lacks dramatic pacing. All in all this is definitely worth missing - not to be recommended.",0,1,1,0,"Traditional models wrong, DistilBERT correct",,
"When the Legends Die is a powerful, moving story of an orphaned Ute Indian who goes on to become Tom Black Bull, a champion bronc rider. Raised in the old ways, Tom is given a white man's name and must adopt the language and ways of the white man to live in that world. Bitter about the role he has been forced into, Tom finds fulfillment doing one thing, busting horses, riding them to death, in the rodeo. The movie has Richard Widmark in the role of Red, the man who befriends Tom and acts as his manager. Red is a drunk who eventually dies in the story, which is about where the movie ends. The real story is completely ignored, the dark side of Tom Black Bull who develops a reputation as a killer of horses in the rodeo arenas. Oh well, you should read the book, this movie doesn't come close to doing the story justice.",0,1,1,0,"Traditional models wrong, DistilBERT correct",,
"I've never watched a file in a language I don't understand just because I wanted to see the movie and I couldn't find it with English subs. I don't know how much I missed but it wasn't much. Probably just specific details which sounds silly until you see the emotional level of this movie and how the characters interact together. I want to mention to The Diceman from Germany there's no reason to feel that he 'sucks' when it comes to commenting on the emotional strength of the film. Like I said, I don't understand Japanese -or at least only the very small amount I came away with from reading the very lengthy novel -pro- bably my favorite all time book which I could not put down & took the next day off from work just to finish reading! I don't know if there's an English dubbed or subbed version but if the film but if there is I'd love to see it. The film was incredible in Japanese anything better is icing of the cake!! Slainte', Maegi",1,0,0,1,"Traditional models wrong, DistilBERT correct",,
"I'm a big fan of H. P. Lovecraft's books, and the Mythos background spawned some rather good other stories and stuff like that. And in the last years there came along some boys who did movies about H. P.'s work,  for the bigger part low-budged flicks  and showed them to the public at places like the H. P. Lovecraft Film Festival. Now, like I said, most of them don't have a big budged, but they at least know the heart and ""soul"" of Lovecrafts work and films like ""Cool Air"" or ""The Call of Cthulhu"" - are what I would think - gifts for the fan base and other loonies that like H.P.'s creation. <br /><br />And then there are people like Ivan Zuccon, who just rip off the name and create a movie which would have been fun to watch if I had directed it myself and filmed with some friends down at the beach. That is what Mr. Zuccon did as it seems...but, while blokes like Aaron Vanek's or Bryan Moore's earlier movies might not have had more budged, they somehow still had more to offer , like a story, real characters and some connection to Lovecraft! Just blabbering out names like ""Nyarlathotep"" or ""Necronomicon"" makes a movie not a Lovecraft-adaption. <br /><br />Anyway, this flick will not only make fans of the Mythos shudder and hide, it will also not appeal to people who 1. like good movies, 2. laugh about bad movies, 3. like good C-grade splatter movies or 4. watch everything that has Horror written on the DVD-cover. I will not go into the ""plott"" of this waste of time, as it has already been discussed by others here on this page, but like I said, Unknown Beyond is like a movie I would have made up with some geeky friends.. Aside from that it lacks ideas for any storytelling and goes into ridiculous ""moronic-nonsense-but-he-it's-art-stuff"". Self-made flicks of this ""quality"" are fun to watch if you know all the blokes in it and ha-ha, see how XY is coughing out the fake blood we made from old tomato sauce and stuff  but hey, you don't put this in a DVD-casing, declare it an actual movie and want money for it<br /><br />I give it 2/10 because of the I dunno  effort or something like that",0,0,0,1,"Traditional models correct, DistilBERT wrong",,
"A bus drops off a nameless man outside a run-down Standard Oil gas station in the middle of nowhere. We never learn where the bus came from, or why he is on it, or who he even is. Why is he the only passenger? Is he a prisoner? Is he the ""bothersome man"" referred to in the title of the movie? Has he died and gone to heaven, or hell? Like our man, we don't get a chance to stop and wonder. He is met by a gatekeeper of sorts and shuttled off to a nondescript city. From day one, all the choices are made for him. An apartment has been rented, a job has been found, an office assigned. In fact, his life is not entirely unlike life in the virtual reality of corporate cubicles and suburban condos. Women are heartless, dinner parties are a drag, office jobs suck. But some pieces don't fit the puzzle. Silently efficient, gray-clad goons roam the streets. Are they some sort of paramedics, or the secret police? And why are there no children? Is the story even set in the real world? Whenever we think we might be getting some answers, new mysteries unfold. ""The Bothersome Man"" leaves you half relieved that it's over, half wanting more. I hope they make it into a computer game soon.",1,1,1,0,"Traditional models correct, DistilBERT wrong",,
"As a nice anecdote to one of the above comments: In was in Mumbai about two weeks before the release of this movie, I was approached -being white- to dub some of the lines of this movie in a recording studio.<br /><br />While I speak German as well, i was kindly asked to do all dubbing scenes in English, otherwise it would be too confusing for the Indian audience... So therefore, all Germans in this movie actually speak English! funny enough i did multiple characters, so if you would want to actually spoil some time by watching the movie again, listen carefully; <br /><br />all non-Indian characters are only done by 4 voices! . . . .",0,0,0,1,"Traditional models correct, DistilBERT wrong",,
"I used to always love the bill because of its great script and characters, but lately i feel as though it has turned into an emotional type of soap. If you look at promotional pictures/posters of the bill now you will see either two of the officers hugging/kissing or something to do with friendships whereas promotional pictures of the bill a long time ago would have shown something to do with crime. This proves that it has changed a lot from being an absolutely amazing Police drama to an average type of television soap. When i watch it i feel like I'm watching a police version of Coronation Street or something similar. I have to say i still like the bill as I'm interested in Police work and that type of thing but i really miss the greatness that The Bill used to have. I want to rate it as 2 out of ten because you have to admit it has been totally ruined by the people who took the bill over.<br /><br />As for the script and characters they have both gone downhill, most of the great characters are gone now (although a few still remain i think) and I'm not saying that the newer characters are poor or anything because they definitely aren't, its just that they lack the tough looks, personalities and script lines that all of the old characters used to have because most of the new ones are at the moment involved with silly relationships and family trouble.<br /><br />Overall being one of the only Police programs on television these days, The Bill will always be a crappily interesting thing to watch, but like i say it has lost a lot of its uniqueness (if thats the right spelling) and would now be classed as a terrible, unreal television soap.<br /><br />Recommended to watch for a good laugh over the stupidity of the police officers involved - 2/10",0,0,0,1,"Traditional models correct, DistilBERT wrong",,
"I once lived in the u.p and let me tell you what. I didn't have the foggyest idea what the heck this ""bear walk "" is. I never heard of it the whole 10 years I was up there. It was really funny in the beginning but went down hill quickly.",0,0,0,1,"Traditional models correct, DistilBERT wrong",,
"In fact, the nature of the whole series is irrepressibly funny! But not always funny... there are moments of extreme poignance as the deeper aspects of human emotion are touched on. <br /><br />Over and again, the series comments on the frailties of human nature and the life long, or in this case eternal, struggle to overcome them. Monkey is both smart and stupid at the same time, his arrogance and reliance on his own martial skills lead him into trouble in almost every episode. Pigsy is just plain gross. Sandy has a philosophical turn of mind. He has many of the wittiest lines. <br /><br />The English translation is a delight. ""Ignorance can always be improved upon,"" drawls Sandy in his laid-back manner, ""but you can't do anything to help stupidity!"" ""Who are you?"" the group of travellers are asked. ""We three kings of Orient are,"" says Monkey. <br /><br />This is not just for children, it is a magical romp for anyone who can suspend reality",1,1,1,0,"Traditional models correct, DistilBERT wrong",,
"Ever watched something so awful you just have to keep watching to be sure it really is as bad as it looks? This is one of those films. It was slammed by the critics on it's release, not least for the way it was funded. I caught it on TV last night and gave in to curiosity.<br /><br />In the event, it is what it says on the box, no more nor less: low level humour, crudity, very much in the 'Carry On...' vein but with 'adult' language. Indeed, it harks back to the 60s/70s UK porn industry, cheating punters by promising real sex and not delivering (spot the nipple?) That whole tawdry era is lovingly recreated here but with modern cinematography.<br /><br />It has the benefit of Mackenzie Crook (The Office, Pirates of the Caribbean and much more) and also Johnny Vegas. The chip shop girl is genuinely sexy. Beyond these unexpected positives, it does leave me wondering what happened to England. Junk food, low paid work, council estates, desperate lives. As a bonus, there are some nice shots of leafy Birmingham. Foreigners might find it informative about British attitudes and aspirations. Overall, though, I still feel disbelief that I sat through it.",0,0,0,1,"Traditional models correct, DistilBERT wrong",,
"One cannot help but be impressed with the intelligence and scale of this film, and simultaneously disappointed by the lost opportunities.<br /><br />I found the script to be excellent, and the vocal talent of Edmund Purdom quite impressive. However, as an artifact of its time, the film suffers from too many Hollywood-isms, especially poor casting, too much lushness of the sets, and too much pretentiousness. Edmund Purdom (who plays the title character) is so obviously awkward with physical acting, I suspect he had primarily been in Shakespearean theater before this.<br /><br />So if movie people are reading this, I propose this as an excellent candidate for a remake, especially if you cast real Egyptians as Egyptians!",1,1,1,0,"Traditional models correct, DistilBERT wrong",,
"When Exploiters become evangelist, they still exploit in the name of poverty! <br /><br />My first reaction after seeing the movie is  God Bless me that I am not eating fish or any non-vegetarian products! <br /><br />The documentary is about Lake Victoria of Tanzania where numerous varieties of lovely fishes used to live, and one day during 1960s somebody came and injected the mighty fish Perch, who became the exportable commodity for Tanzania to European and Japanese markets. The consequences were severe  firstly all local small and big fish were extinct; secondly the plane that came to take the fish could not travel empty because it does not make commercial/ business/ capitalist sense, so it is filled with arms and ammunition (that is what Europe can give this world); thirdly the pilots (as all migrants and traveling population like truck drivers) has to survive their sexual needs by flourishing cheap local African prostitutes for them; fourthly the brokers, dealers, middle men in the chain (mainly Indian origin business people) get richer and Tanzania's poverty remains the same; fifth poverty drives the children to crime, drugs etc.<br /><br />The premise to make this documentary was excellent. But has the Director Hubert Sauper succeeded in making a good documentary? It is a big NO. <br /><br />I say the reasons: Like in India, it requires a higher caste Brahmin to stand up and project to the world, Indian poverty and untouchables; similarly it requires an Austrain born European documentary maker to tell the world the story of Tanzania and its crumbling and ruining economy and poverty. It is the pathetic motive of unaware breeding of that rich class (who have never seen poverty or known poor), who survives, live, earn and fame like pest hanging on to projecting poverty to the world as soon as they see it. There is nothing more but despise by poor people in African and India who see such images of their.<br /><br />The intention and motives of the Hubert seems totally lop-sided. The images, characters, locales, interviews are too grave and murky, dark and disturbing. He uses exaggerated ignorance as a voice to present his case. What we feel in the end is pity and sadness for Africans. We also start considering the Tanzania government and people as villainous. May be some westerners sitting in their air-conditioned rooms would find time to discuss and debate about the pathetic living conditions of Africans, but there would be nothing more than that.<br /><br />The director restrains to show himself even once on the screen  so as not to be identified among the Europeans who exploit this poor country.<br /><br />This Director Hubert can only survive being exploiters themselves like today's CNN and BCC media giants. Hubert did not have guts or common sense to talk to any Europeans who eat or companies who import these fish products. A totally lop-sided flimsy effort! But I understand the reasons of the same  Hubert just wanted to rake his fame, sitting and smiling with awards in his European comfort.<br /><br />No more words to spare for this pathetic effort. I hesitantly give the documentary a higher rating 3.5 Stars out of 10, just because the theme was correct; but was pathetically exploited and blown away by amateurish ill conceived director made solely for un-intelligent western audiences! (Stars 3.5 out of 10)",0,0,0,1,"Traditional models correct, DistilBERT wrong",,
"Deepa has again tried to bravely bring out a subject that no one wants to talk about. The story line is OK, cinematography is outstanding, screenplay and acting are way below average. I guess the blame is to the citizens of Uttar Pradesh in India from where her original set was destroyed in 2000. This resulted in a totally different cast, I just wonder what a spectacular movie it would have been if it had the original Shabana Azmi, Nandita Das and Aamir Khan. The current actors Lisa Ray (who's just good for squirming in Bombay Dyeing bedsheets) and John Abraham are pathetic, need basic lessons in acting. Seema Biswas, Raghubir Yadav and Kulbushan Kharbabda have saved the movie as much as they can. The kid had done an outstanding job. The editing and the flow of the movie is also not something you would have expected from Deepa. Great subject, sends out a strong message about a practice which is still pretty rampant in rural India but falls short of the standards Deepa set for herself in Fire and Earth. Watch it once...when its on DVD, don't bother paying $10 to see it....well its out beats the average Hindi movie any day",0,0,0,1,"Traditional models correct, DistilBERT wrong",,
"The history of TV to film adaptations are littered with aberrations which almost conclusively prove that the tradition should never have started in the first place. There are, however, some examples which manage to pull it off, just. Rising Damp would, at first, appear to be the last sitcom suitable for the big screen treatment as this hilarious series was based within the tiny confines of a northern bedsit. Also the writer, Eric Chappell, wasn't being paid enough to spend time crafting an entirely original screenplay so he harvested a batch of TV episodes and stitched them together to form the body of the film. This, in itself, didn't necessarily mean that the script would fail. David Croft and Jimmy Perry did the same thing with their screenplay for Dad's Army and it worked superbly. Although, the early Dad's Army episodes, with their staid pace and over arcing plot, lent themselves far better to film adaptation. The Rising Damp episodes, however, were high energy affairs from the first scene to the breathless climax. As a result, as one story is concluded and another started, the scenes within the film become disjointed. Another pitfall for the movie version of a TV series is the inevitable comparisons that are made. In this respect the film pales in comparison to Rising Damp's brilliant series. Despite all this, Rising Damp the Movie manages to be entertaining and occasionally uproarious. It is perhaps not surprising that the finest moments occur during sequences written specially for the film. This includes a rugby match where Rossiter does a brilliantly timed pratfall. Indeed, while all the cast handle their roles perfectly (bar a sub standard replacement actor for the late and truly great Beckinsale), it is Leonard Rossiter as Rigsby that shines the most. In fact Rising Damp should have been made as a film just so Rossiter could have been eligible for an Oscar, such is the magnificence of his acting talent. Criminally, he wasn't even nominated. Ultimately, the film fails to match the giddy heights of the TV series while managing to hold its own as a comedy in its own right with some beautifully played moments. Recommended viewing.<br /><br />One last thing: The opening and closing music is by far the worst in film history.",1,1,1,0,"Traditional models correct, DistilBERT wrong",,
"Robert Cummings, Laraine Day and Jean Muir star in ""And One Was Beautiful,"" a 1940 film also starring Billie Burke. At one hour and 15 minutes, this looks to have been a B movie. Cummings is a playboy, Ridley Crane, whom many women desire, including two sisters, Katherine and Helen Latimer (Day and Muir). Katherine is the more earthbound of the two who likes to fix cars, and Helen is the blonde social butterfly with the beautiful gowns. Ridley arrives back in town, and, believing he's not going to be at a party, Helen decides not to attend. Since the party is given by a family friend, their mother (Burke) sends Katherine in a pinned up dress. Ridley is there, and the two connect. But Ridley is into more superficiality, and when he sees Helen at a dinner party, the two pick up where they left off and go to a club. He becomes terribly drunk, and Helen at first refuses to ride in his car because he won't let her drive. After walking awhile and breaking the heel of her shoe, she gets into Ridley's car when he drives by. He passes out, and she takes over the wheel, accidentally hitting and killing a bicyclist.<br /><br />Ridley can't remember anything, so Helen lets him take the blame for the death. The heel of a woman's shoe is found in the car, and Katherine sees her sister bury her shoes - plus, something in Helen's manner makes her realize that Helen isn't telling the truth. Ridley is convicted and goes to prison, and Helen marries a man she doesn't love and leaves for South America.<br /><br />This is a wonderful film, even though at the time, this wasn't an A-list cast. Cummings is playing a part that Robert Taylor would have played (it's an MGM film) - he's handsome and very amiable, even if he doesn't have the dazzling looks of someone like Taylor. Laraine Day is a favorite actress of mine, someone MGM loaned out constantly because they didn't know what to do with her. Why, I wonder - a wonderful actress with a great face and voice, she livened up many a film. This one is no different. Her Katherine is determined, sympathetic and totally lovely. Jean Muir is a lousy actress.<br /><br />So who was the beautiful one? We all know even if MGM didn't.<br /><br />Highly recommended little gem.",1,1,1,0,"Traditional models correct, DistilBERT wrong",,
"A ""40 foot long"" giant mutant squid with five tentacles, razor fangs and the ability to reproduce it's own cells terrorizes a small Florida town. Various marine biologists, doctors and cops plot to kill it. Meanwhile, a human monster named Miller offs people who discover the ""Devilfish"" is a manmade creation used for the greedy benefit of some evil doctors! Miller attacks a female researcher, strangles her, drowns her in the bathtub, tosses in a hairdryer, then rips the panties off her dead body!<br /><br />Lots of false alarms are set when our heroes Peter, Stella, Janet and Bob set out on a high tech (high tech for 1984, anyway) ""Seaquarium"" boat to catch the creature, who is frequently seen in close up or hilariously obvious speeded-up film to seem more menacing. And only fire can destroy it, which leads to a flamethrower-armed posse vs. aquatic beast finale.<br /><br />This JAWS cash-in is pretty tame (other than a legless corpse and a decapitation) but watchable and benefits from an excellent Antony Barrymore score and a decent (again, for 1984) monster design. Luigi Cozzi and Sergio Martino wrote the original story.<br /><br />Score: 4 out of 10",0,0,0,1,"Traditional models correct, DistilBERT wrong",,
"Minnie and Moskowitz is the most pathetic and ungraceful love story I've ever seen. Between Minnie, a disillusioned museum curator whose abusive married boyfriend dumps her and leaves her even more uptight and confused than she already was, and Seymour Moskowitz, a parking attendant so desperate for attention that he spends his nights going to bars and restaurants aggravating people, there is a chaotic and disenchanted match from the start. Just like so many pairings that we see every day.<br /><br />In nearly every love story, there is a man and a woman, the man being confident, funny, either classically hot or attractive in his own way, whose shortcomings are charming, and the woman a wounded soul who could have any man she wants who chooses this guy because there's just something about him. These movies make everyone feel so good because the characters embody what every man and woman wants to be, not what they are. Minnie and Moskowitz, instead of indulging in any hint of fantasy in the realm of romance, depicts people who may just be more common than the attractive, confident people with so much experience playing the field. What's the story behind the love affairs of the ugly, alarmingly awkward man with no life and no job that we all run into, or the woman so crippled by insecurity that it's difficult to talk to her?<br /><br />This film is not as fascinating as Cassavetes's Faces or Opening Night, but it has that riveting quality that Cassavetes always fought so hard to render, which is an unbridled depiction of people underneath the ego that hides behind itself in nearly all other films. Gena Rowlands and Seymour Cassel, delivering startlingly pitiable people, are hardly likable. Moskowitz nearly drives us mad, let alone Minnie. He imposes himself so forcefully in her life, the dates are an explosion of the inner voices of ours that respond to the screamingly inept uneasiness on dates we've all been on, rejections we've all swallowed, and arguments we've all had that we know were our own faults. I admire a film like Minnie and Moskowitz because, as the trademark is with the films Cassavetes helmed himself, it identifies with us in 100% honesty. Our egos play no part in company with his characters, thus a tremendous achievement per performance by actor.",1,1,1,0,"Traditional models correct, DistilBERT wrong",,
"""Lights of New York"" originally started out as an experimental two reel Vitaphone short that eventually snowballed into the first all talkie feature film. Helene Costelle was supposedly one of the most beautiful actresses in Hollywood and sister to (in my opinion the real beauty) Dolores Costello, who seemed to get all the breaks. Poor Helene is best known for appearing in this pretty dreary film that bought a revolution to Hollywood!!<br /><br />Two bootleggers on the lam in ""Main Street"" convince a couple of small town barbers to try their luck on Broadway. The barbers Eddie (Cullen Landis) and Gene (Eugene Palette) don't realise that their barber shop is soon a cover for illegal bootlegging activities. They soon do realise it and regret the day they left their small town. The only thing keeping them going is the loan that Eddie's mother gave them and that they desperately want to pay back. Eddie becomes re-acquainted with Kitty Lewis (Helene Costello) a girl from his home town who has made good on Broadway. Kitty is worried about ""Hawk"" Miller (Wheeler Oakman) who is always hanging around her but Eddie, innocently, thinks she is exaggerating as ""Hawk"" already has a girlfriend Molly (Gladys Brockwell) but to reassure her he gives her a little handgun to frighten unwanted admirers away. ""Hawk"", who has killed a police officer and has the ""Feds"" closing in, decides to frame Eddie. Meanwhile Molly is getting pretty fed up with ""Hawks"" treatment of her and after a showdown where he tells her he is after a chicken and not an old hen the stage is set for - Murder!!!<br /><br />The fact is it isn't completely awful, apart from gangsters and showgirls alike speaking in their best elocution voices and that was still happening in films in 1930. Gladys Brockwell (if a trifle melodramatic) and Eugene Palette (quite natural) were okay and were the most seasoned actors in the cast. There was no John or Ethel Barrymore to be seen - Cullen Landis and Helene Costello soon returned to the obscurity from which they had come. I also didn't notice much of the ""hidden mike"" - where people had to be grouped around different objects ie a telephone or sitting on a couch before they could engage in conversation. People who saw it at the cinema probably started to think that all policeman talked in that flat monotone as that trend continued in many early talkies ie ""Little Caesar"" (1930). In any case they were probably intrigued by the novelty of a completely all talkie - with some singing and dancing - film in 1928.<br /><br />Recommended.",1,1,1,0,"Traditional models correct, DistilBERT wrong",,
"Oldboy is set in Korea & starts as a drunken Dae-su Oh (Min-Sik Choi) is bailed out of the police station by his friend only to be abducted, Dae-su wakes up & finds himself in a small room which he will be imprisoned in for the next fifteen years. Dae-su is fed & looked after by his unknown captors but is never allowed out of the room, Dae-su begins to train himself to avenge himself after he gets out which he intends to do by scrapping away the cement from the brickwork with a chopstick. However before Dae-su finishes he is gassed & rendered unconscious, when he wakes up Dae-su finds himself free on the roof of a tall building dressed & all moneyed up. Dae-su instantly sets about trying to find out who imprisoned him, after meeting the pretty Mido (Hye-jeong Kang) the two fall in love & together with her help Dae-su finally finds what he is looking for but the truth comes at a price...<br /><br />This South Korean production was co-written & directed by Chan-wook Park & has gotten any number of glowing reviews (the sort that distributors can pick quotes out & plaster them on the video box) & even won the Grand Prize of the Jury at Cannes while it was also nominated for the Golden Palm so surely Oldboy is a true classic? Well not for me it isn't since as I can't understand why it's so liked & I would go as far as to say I pretty much hated it apart from one or two isolated moments. For a start I couldn't get into the story at all, I just didn't like it as I thought it was slow & boring & while many out there would have you believe Oldboy has the bestest most shocking twist ever I thought it was rather plain & not very well executed either. The ending in which Dae-su goes to the New Zealand Alps to be hypnotised feels tagged on as well almost as if the makers wanted some sort of happy ending. At almost two hours I almost fell asleep I was so bored, the violence is tame & it's the thought of what's happening that I would imagine most people have a problem with rather than what is actually shown. In fact Oldboy has a very low body count of about seven & one mild sex scene, it's really not that graphic or memorable. I didn't warm to any of the character's & while I accept Oldboy has an alright concept & premise it fails to deliver & it's one film that I will never understand why so many people seem to like.<br /><br />Based on a Japanese Manga of the same name Oldboy the film looks alright, there's one or two nice visual moments here although while everyone raves about the hallway fight that takes place in one continuous shot I was pretty unimpressed & thought the fight choreography was quite dull. The actual on-screen gore violence amounts to very little, Dae-su eats a live Octopus which is apparently quite normal in Korea anyway, there are some fight scenes, a severed hand, someones teeth are pulled out & there's a bit of blood at the end.<br /><br />The budget was supposedly around the $4,000,000 mark which is actually a fair bit, filmed in South Korea & New Zealand. The acting looks alright but it's hard to tell when actors are speaking a different language.<br /><br />Oldboy is a film that I found an absolute chore to sit through, I don't mind subtitled films or foreign films or paying attention to the plot as I followed the thing perfectly but I just didn't like any of it & it's as simple & straightforward as that. Apparently the second in director Choi-wook Park's revenge trilogy which also includes Sympathy for Mr. Vengeance (2002) & Lady Vengeance (2005).",0,0,0,1,"Traditional models correct, DistilBERT wrong",,
"John Wayne is one of the few players in film history to have failed at his first big break and then succeed on the second time around. Of course everyone knows the second time was the classic Stagecoach with John Ford directing.<br /><br />But we're here to talk about The Big Trail. John Ford's fellow director Raoul Walsh spotted this tall kid on the set of one of Ford's films and thought he had potential. He wanted to make him the lead in a big budget western that Fox was planning to do. The film as planned would be an homage to the famous classic silent western The Covered Wagon.<br /><br />In watching The Big Trail I was struck by how similar Wayne's character of Breck Coleman here is to the Ringo Kid in Stagecoach. Both characters were likable young cowpokes, but both were also on a mission of vengeance. And of course both films were done on location and show the expense in making them. No studio product here with a backlot western set. <br /><br />I also don't think that it was an accident that Wayne got this break at the beginning of the sound era. Raoul Walsh, I'm guessing looked around Hollywood and probably didn't think a whole lot of movie cowboys would have staying power in sound. That's something else Walsh spotted in Wayne.<br /><br />According to what I've read The Big Trail flopped because after spending all that money to make the film in an early wide screen process, some genius at Fox realized that their theaters weren't equipped with the wide screen to show it. And when the Great Depression hit there would be no money to widen those screens at Fox movie houses. So The Big Trail got a limited release, even in what we would call a formatted version, and lost money big for Fox films.<br /><br />Marguerite Churchill is fine as the crinoline heroine who Duke wins, loses and wins again from Ian Keith. Keith, Charles Stevens and F. Tyrone Power are the trio of villains Wayne has to deal with.<br /><br />F. Tyrone Power is the father of the famous movie legend Tyrone Power. He was a big burly man with a grand background in classic roles on screen and on stage. I wouldn't be surprised if his son who would have been 15 at the time might not have been hanging around the set.<br /><br />Also look for Ward Bond though you might have trouble spotting him under a big bushy beard.<br /><br />Watching The Big Trail now it is interesting to speculate where John Wayne's career might have gone if The Big Trail had been a big hit.",1,1,1,0,"Traditional models correct, DistilBERT wrong",,
"I kind of like JAG. It do have it´s charm but lately it´s to much propaganda in it. For an outsider (a non American) the patriotic feeling can be a bit to much.<br /><br />I don´t like that Rabb and MacKenzie goes from being lawyers (as they were in the early parts of the TV show) to become super heros that stops wars and rescues entire continents. Its almost like watching a recruitment video from the US army.<br /><br />I still watch the show, so it´s not that bad. But i would prefer more episodes when Rabb and MacKenzie investigates military accidents and don´t save the world in the future.",0,0,0,1,"Traditional models correct, DistilBERT wrong",,
"The director of this movie is a famous french TV presenter, Patrick Sebastien. He likes music and humor for rednecks, and his incredible movie is absolutely in his image. It's the story of a young retarded person, called ""Zep"" (sic). A night, he sees his sister's SM sexual relation, and decide to do the same thing: he rape the girl who he loves! Zep is placed in a asylum, and his unlucky girlfriend in a clinic. One man will find them. One man will reunite them. This man is a psychologist. This man looks like a Hell's angel. This man is... Patrick Sebastien! With an excessive use of clichés, we'll see how the Absolute Love can break all misunderstandings, and how a humanist doctor can force a victim to fall in love with her rapist. We'll also learn how using sandwiches in order to seduce a girl. Not only Patrick Sebastien thinks that he can do better than one century of psychiatry, but he also impose us a silly left ideology; with the character of the father's girlfriend, a boss, who want to take away the feeble of his girl. Distressing. But it's very pleasant to laugh at Zep (mentally retarded persons are not funny, except in this movie.)",0,0,0,1,"Traditional models correct, DistilBERT wrong",,
"I've got to say it. Gary Busey saved this film. If it were not for his fine acting talents this film would have been sub par. I recommend the film but just barely.<br /><br />The biggest difficulty with the film is its broad disregard for historical, geographical and physical accuracy. For example, why is Lubbock green and hilly? How come Buddy's producer Petty ignored? Where are the daily trips to the Clovis, New Mexico studio? Why is Nashville treated as a racist hate camp out to destroy the Holly sound? Why was Buddy's two week courtship to Maria treated as a complex, taboo, race mixing stereotype? Why are Buddy's tile boxes as light as feathers? Finally, why are the Crickets portrayed as trouble making roadblocks to Holly's talent?<br /><br />Taken on their face these inaccuracies should spell doom for any film proclaiming itself, ""The Buddy Holly Story."" However, Busey does deliver a stirring portrayal as the man whose death eventually led to the day the music died.",1,1,1,0,"Traditional models correct, DistilBERT wrong",,
"Pistol-packing Pam Grier takes names and kicks butt as the heroine in ""Asylum of Satan"" director William Girdler's entertaining blaxploitation actioneer ""Sheba Baby,"" co-starring D'Urville Martin and Austin Stoker. ""Sheba Baby"" is one of several tough chick flicks that Grier appeared in during the 1970s, including ""Coffy,"" ""Foxy Brown,"" and ""Friday Foster."" The short-lived Girdler co-wrote this thoroughly routine private eye potboiler with producer David Shelton in one night and it features a headstrong female shamus that refuses to rely on a man to help her take care of business. Unfortunately, ""Sheba Baby"" isn't nearly as good as the blaxploitation movies that Grier made under the supervision of director Jack Hill. Hill helmed the African-American North Carolina native in ""Coffy,"" ""Foxy Brown,"" ""The Big Bird Cage,"" and ""The Big Doll House."" Anybody that analyzes images of African-American women in cinema should be familiar with these epics. The chief problem with ""Sheba Baby"" is that our heroine gets too many convenient breaks. Naturally, the secondary villains are trigger happy clowns that couldn't hit the side of a barn with a howitzer. As the main antagonist, Dick Merrifield qualifies as both an egotistical as well as smarmy villain with choice lines like: ""Anything worth having is worth stealing."" Additionally, composer Monk Huggins does provide a strong, atmospheric orchestral soundtrack, and the best song, with Barbara Mason warbling it, is ""Good Man Is Gone."" ""Sheba Baby"" casts Grier as stylist Chicago gumshoe Sheba Shayne. She leaves the Windy City to return to her hometown of Louisville, Kentucky, to help out her father. When she arrives in Louisville, Sheba learns that her father, Andy (Rudy Challenger of ""Detroit 9000""), is having trouble with a local black gangster nicknamed Pilot (cigar-chomping D'Urville Martin of ""Hammer"") who demands that Andy sell out his loan company to Pilot or die.<br /><br />Initially, Pilot dispatches a goon squad to trash Andy's office, but our heroine's father catches them in the act. They turn Sheba's father into a punching bag. Interestingly, during the fight scene, Girdler rarely shows fists smashing flesh. Earlier, Andy's right-hand man, Brick Williams (Austin Stoker of ""Horror High""), had sent Sheba a telegram requesting that she return to Louisville, but she didn't receive it immediately thanks to her lazy partner who didn't know where to find her. Brick and Sheba hook up, rekindle their romantic flames, and share a night in the sack. Brick spends most of his time urging Sheba to remain calm in the face of adversity. As a former Louisville, Kentucky, police woman, Sheba prefers to shoot first and ask questions second. After she arrives home, Sheba borrows her father's car and barely escapes being blown to bits. As she is walking out the door to get into her father's car, Andy receives another harassing call from Pilot. Previously, Andy had refused to discuss the prospect of selling his loan company to Pilot, but Andy changes his mind and agrees to talk with the hoodlum. A gratified Pilot warns Andy about the dynamite that has been attached to his ignition with a delayed action fuse. In other words, cranking up the car won't trigger the explosion; the explosion comes ten seconds later. Andy and Brick rescue Sheba before the car blows up. Earlier, Sheba had agreed to let her father handle his problems without her interference. ""Dad, I know you think I'm doing a man's job, but I'm not going to sit on the sidelines just because I'm a woman,"" Sheba tells him. After her near-death experience, Sheba vows to learn who sabotaged her father's car. She grilles an old contact from her days as a cop and threatens the guy with her gun to extract the information. Only after Sheba has ground the guy's face into a bucket of chlorine dust does he relent and tell her about a pay-off at the town's railroad museum. Brick accompanies Sheba and shooting ensues with a flustered Pilot getting away by the skin of his chin.<br /><br />Later, Pilot sends a quintet of out-of-town contract thugs armed-to-the-teeth to trash Andy's office. These gunsels ignore their no-kill orders. Not only do they shoot the loan company office to ribbons, but they also blast Sheba's dad with a shotgun. Sheba retaliates in short order. Wielding her nickel-plated revolver, she guns down three of the four assailants Dirty Harry style. The last hit-man discards his weapon and pleads for mercy. Sheba has her finger on the trigger when Homicide Detective Phil Jackson (Charles Kissinger of ""Abby"") and a uniform cop arrive on the scene. At the hospital, Andy Shayne dies holding his daughter's hand. Naturally, Pilot is furious at this revelation and his fury borders on apoplexy. Afterward, Sheba tracks down a loan shark, Walker (Christopher Joy of ""Cleopatra Jones""), and pries information out of him about the Pilot while she holds him at gunpoint in a car wash. This is one of the better staged scenes with lots of ominous shots of the car wash equipment whirling and humming. Walker warns Pilot about Sheba. Pilot and his henchmen confront Sheba in a parking lot and swap lead. Sheba flees on foot to a nearby carnival. While the police corner one of Pilot's men, she deals with the others. Pilot shoots one of his own accidentally and Sheba runs him down. She pins Pilot to a roller-coaster track and threatens to hold him there until the roller-coaster cuts his head off. Pilot manages to escape after he has spilled his guts to Sheba about the identity and phone number of the big man, Shark (Dick Merrifield of ""The Hellcats""), whose reputation is so immaculate that Detective Jackson describes him as ""the guy with all the right answers."" ""Sheba Baby"" isn't top-notch Pam Grier. However, the idea that our heroine can handle everything by herself without help from guys makes it interesting as well as entertaining chick flick.",1,1,1,0,"Traditional models correct, DistilBERT wrong",,
"Carlos wants to make fun of affirmative action, racial stereotypes and related topics on his show which makes him a lot like Supreme Court Justice Thomas. He's there BECAUSE of his race and then denigrates it. He can supposedly make fun of Mexicans to no end because he is himself Mexican, and I would also contend he can get away with making fun of the mentally challenged because any lay person can tell he's not the sharpest tool....though he is definitely a tool of some sort. <br /><br />He is a hack comedian who, even with a staff of writers, can't put together 3 minutes of genuinely funny material in a 30 minute show. I can't think of a single comedian who is regularly on TV that Carlos can hold a candle to except maybe Larry the Cable Guy (not too surprisingly, he also has a show on Comedy Central to cater to the exact same audience no doubt.<br /><br />If you ever see the greats, Jerry Seinfeld, Chris Rock, Jon Stewart etc. talk about comedy you really get a feeling for the amount of work and thought that goes into developing a funny interesting comedic voice. All that work was completely skipped by Mencia; his comedic voice is, in part, stolen from other better comics and in part hidden by his propensity for yelling his unfunny rehashed racist tripe. Mencia's show is beloved by some of the ""at least I don't suck that badly crowd"" who I firmly believe watch it to feel better from his rants about the dumbing down of society; unfortunately Carlos and his fans are part of the problem not the solution on that topic.",0,0,0,1,"Traditional models correct, DistilBERT wrong",,
"Viewers of independent films know that once or twice a year they are going to see stories about dysfunctional families and they have come to expect them and it's becoming more of a challenge to keep them fresh but here despite the good cast it just seems more of the same. Story is about the Travis family who is trying to recover from the suicide of Matt (Kip Pardue) who was a very promising high school swimmer. Ben (Jeff Daniels) is the father who withdraws from everyone and has never treated his other son Tim (Emile Hirsch) as well as Matt but he does communicate (of some sort) to his mother Sandy (Sigourney Weaver) who finds his stash of pot and starts to smoke it.<br /><br />*****SPOILER ALERT***** Sandy also starts to flirt with much younger men like the check-out cashier at the grocery store but when she attempts to buy more marijuana she gets busted and hauled off to jail. She doesn't tell anyone what happened but she does discover bruises on Tim's body and also that Ben has taken a leave of absence from work. After all this happens Sandy falls ill and lands in the hospital where her life is in danger which forces Ben to realize that he may have to come to terms with losing another part of his family.<br /><br />This film is written and directed by Dan Harris who has worked with Bryan Singer on ""X2"" and also the upcoming Superman film and while his script allows these characters to have genuine moments of expressing their pain and confusion the story (for me) just has too many things thrown in. The script touches on so many different areas that you need a scorecard to keep track of them all including drugs, sex, love, infidelity, abuse, neglect, experimentation with homosexuality, and a life threatening illness. If all those scenarios weren't enough for you Harris then tacks on a plot twist at the end that's supposed to sum up and explain most of everyone's feelings towards Tim. While I did roll my eyes at least 2 or 3 times with the way the script kept unrolling one thing after another I must admit that I didn't hate this film and I have to credit the actors for that. Everyone has at least one good scene somewhere in the film but I wish the story would have concentrated more on Weaver and her character than Hirsch. Weaver is exceptional and with a sharper script she could have had a role that maybe would have led to an Oscar nomination but instead we get endless scenes of Hirsch at parties or his shenanigans with the neighbor next door. Harris shows he can be a good writer/director but with this effort he just throws so many different things at the audience that the material just becomes labored and contrived.",0,0,0,1,"Traditional models correct, DistilBERT wrong",,
"Following on directly from the last episode of the previous series Yes Minister.<br /><br />Jim Hacker now finds himself inside Number 10 Downing Street as Prime Minister of Great Britain, instead of a Cabinet Minister and a member of the government, he is now leading Her Majesty's Government.<br /><br />All this after some scheming maneuvers by Sir Humphrey Appleby after the previous Prime Minister resigned at the end of Yes Minister. <br /><br />Sir Humphrey Appleby is now the head of the Civil Service.<br /><br />I thought that this series was better than the first series, or though it did not last as long as the first series unfortunately.",1,1,1,0,"Traditional models correct, DistilBERT wrong",,
"TV News producer, Jane Craig (Hunter) meets Tom Grunick (Hurt), an up-and-coming news presenter, at a seminar, and their mutual attraction takes them back to her room. Romance, however, is cut short, when it emerges that Tom is, in his own words, ""no good at what I'm being a success at"", and Jane realises he personifies everything she hates about where TV news is going. The rub comes when Tom reveals he is about to join her news bureau in Washington.<br /><br />Jane and Tom's initial attraction is therefore given a second chance, but will Jane be able to put aside her professional opinion of the man she finds herself attracted to - and should she? Aaron Altman (Brooks) is Jane's highly intelligent reporter colleague and confidante. Despite his obvious talent, Aaron's career is stalling as he lacks the confidence and people skills - and the classic good looks - to be the success that his new, less qualified and less intelligent colleague - Tom - is becoming. He is also concerned that his good friend Jane maybe falling in love with Tom, despite her better judgement, as it becomes increasingly clear that Aaron has his own romantic feelings for her.<br /><br />This central romantic plot is set within the trials and tribulations of a TV news network office, where moral dilemmas and ethics are wrestled with quickly and where appearances and dramatic effect are becoming more prevalent and important.<br /><br />This is where most of the bite comes from with well-observed comment and scenes. One of many moments is a scene where Tom meets the Network's top anchorman, Bill Rorich (a cameo role for Jack Nicholson), for the first time, and the camera focuses on their handshake. In a film full of great lines and dialogue, long and short, you realise a lot about these two men's character from this one quick shot of two hands.<br /><br />The dialogue between characters is amongst the most intelligent and witty you are ever likely to find anywhere on film and in such abundance. Brooks gets the best portion of them, in line with his character, but even the briefest conversations that are incidental and perhaps over-heard by one or more of the characters as they move through a crowded room, should be listened to.<br /><br />Hunter is a tour-de-force in this role for which she was rightly (and not alone) nominated for an Oscar, and for which she probably would have got if it was for a role in a film that didn't mock part of what had become a closely related industry - and against a strong performance from another actress in a more traditional feel-good, rom-com.<br /><br />Brooks is also excellent as the constantly frustrated and occasionally too-smug-for-his-own-good, Aaron Altman.<br /><br />Hurt, whilst possessing the looks and providing the personality required of his character, does not always convince that he is quite as dim-witted the character says he is or is supposed to be. He displays a latent intelligence that enables him to make the most of his apparent limitations, which may be plausible, but I don't think Hurt quite pulls it off. Apart from when he tells us he ""stinks"" or ""doesn't get it"", Hurt comes across as a bit smarter than that. Otherwise it is an effective performance, in a role where his character is compromised by its intellectual limitations, but Brooks and Hunter slightly overshadow Hurt's performance. It is the only negative thing I can say about the whole film, and who is to say that anyone else would have done it better, or come off any better, when next to Hunter and Brooks and their performances in this movie.<br /><br />Support is ably provided by, amongst others, Robert Prosky, Lois Chiles and Joan Cusack, and there is also a bit-part role for Christian Clemenson of subsequent Boston Legal fame, and the briefest of bit-parts for Joan's brother, John Cusack, whose face you don't even see.<br /><br />James L Brooks has provided us with many great TV shows and movies, and this film should rank up there with the very best of them. It may not have won any Oscars, despite seven nominations, but it did win plenty of other awards, and turned Holly Hunter into a star.",1,1,1,0,"Traditional models correct, DistilBERT wrong",,
"How much do I love this film?! Now I'm not a fan of bad films, but I do love a film that is so bad it's good. This is one of those. Juan Pablo Di Pace has a great butt, looks fab on screen, and definitely doesn't make a bad turn at his acting debut (I believe). Billy Zane is suitably mean and moody, though I still constantly feel that there is something more in him. I felt it in Titanic, the look on his face when La Winslet spat on him for example, totally broken, shocked, and put-down ... fierce! Kelly Brook is a pretty face ... no seriously, I think that's it! It's worth catching this to see one really hot guy, some big bra fillers from Brook, nasty growling from Billy, laugh at the dialogue, revel in the scenery and madness of the whole affair ... I'm gona go watch it again now - yes, I bought it!!!",0,0,0,1,"Traditional models correct, DistilBERT wrong",,
"Unfortunately this original mix of action and laughs is kept from cinema fans as it sits rotting in the Columbia vaults for all eternity. A shame since this may be Jack Starrett's strongest film and features a witty script by a young Terrence Malick and fully realized performances by its two leads Stacey Keach and Frederic Forrest who turn to a life of crime so they can get the money to open a seafood restaurant. Many standout scenes include interrogation by bathtub and electric razor, and an intense shootout in an abandoned building as it's being torn down by a wrecking ball!",1,1,1,0,"Traditional models correct, DistilBERT wrong",,
"I'm doing a thesis on blurring the boundaries: the female cross dresser and am using Tipping the Velvet the book as my main text, any comments on gender and sexual identity, gender and sexual confusion, gender as a performance, gender as a fiction, gender imagery, cross-dressing as an erotic fantasy and as revolution, the effect of the male costume etc etc would be much appreciated! But a bit off the point has anyone seen Sergio Toledo's 1987 film Vera? Its about a young lesbian possibly transsexual cross dresser..I'm dying to see it because I think it'd be really helpful...Does anyone know where I might get a copy of it? I've tried amazon and a few other sites but no luck...",1,1,1,0,"Traditional models correct, DistilBERT wrong",,
"Before Stan Laurel became the smaller half of the all-time greatest comedy team, he laboured under contract to Broncho Billy Anderson in a series of cheapies, many of which were parodies of major Hollywood features. Most of Laurel's 'parody' films are only mildly funny, and even less funny for modern audiences who haven't seen the original movie which Laurel is parodying. Fortunately, 'Mud and Sand' lampoons a movie which is still well known: 'Blood and Sand', starring Rudolph Valentino. 'Blood and Sand' was released only nine weeks before this parody, giving you some idea of how quickly Broncho Billy's movies were ground out, edited and distributed.<br /><br />Various sources (including IMDb) state that Stan Laurel's character in this film is named Rhubarb Vaselino, with a final 'o'. I've screened a print of 'Mud and Sand' with the original titles (in Hobo type font), so I report that Laurel's role is actually cried Rhubarb Vaseline, with an 'e'. But I agree that 'Vaselino' is funnier. Laurel copies the elaborate sideburns which Valentino wore in 'Blood and Sand' (he should've made them longer!), and there's a parody of Valentino's dressing scene from that movie, which made female movie-goers swoon in 1922. A señorita named Carmen in the original film is parodied here as Caramel (a girl I'd like to sink my teeth into).<br /><br />This movie (like the original) apparently takes place in Spain, yet there's a Prohibition gag. Laurel uses a distinctive hat-tipping gesture here which could have become a trademark for him (like Hardy's distinctive necktie twiddle), but I've never spotted it in any other Laurel film. There's some amusing dialogue: Rhubarb Vaseline tells the other matadors to 'Save a bull for me.' When Vaseline becomes a successful toreador, a lackey tells him 'The bull is without, sir' ... which is funny, but I was disappointed that Laurel didn't reply 'Without WHAT?'.<br /><br />There's one funny moment here which almost certainly wasn't planned, when Vaseline shows up for the bullfighter auditions. Laurel swaggers into the bullring, and -- before you can say 'corrida querida' -- he tosses a bull over the fence, where it lands with a thump near the other auditioners. The bull is obviously a fake, but the gag is funny anyway ... and, aye, there's a title card with a joke about 'throwing the bull'. The serendipitous moment occurs when Laurel repeats the gag, and Vaseline slings a second bull over the fence. This one lands on its butt, and balances upright for just an instant before toppling. VERY funny! If somebody planned that gag in this quickie comedy, I salute the unknown gagsmith ... and the tech man who rigged the bull to land in that position. More likely it happened by luck, and the director and editor were smart enough to keep it in.<br /><br />During the silent era, whenever Hollywood made a big-budget feature film which was set anyplace where the people don't speak English, it was a common cinematic device to show a piece of text or an inscription in the local lingo, then dissolve to a shot of the same text in English. I was surprised that this low-budget comedy spent the money to copy that device here: we see a notice-board outside the corrida with a message in Spanish, then it dissolves to the same text in English. Unfortunately, the photography in this cheapo movie is so dark that the effect is wasted.<br /><br />The actresses in this movie are attractive ... including Broncho Billy's wife Leona Anderson and Stan Laurel's common-law wife Mae Dahlberg; the latter briefly does a pretty dance. (Mae had danced in Stan's vaudeville act.) I was surprised to spot Charlie Chaplin's half-brother Wheeler Dryden in a brief role, since Chaplin had nothing to do with this movie. In 'Mud and Sand', Laurel gives a funny performance that's quite unlike his later familiar Stanley character ... but this film is much less funny than his brilliant work with Oliver Hardy. My rating: just 3 out of 10. TRIVIA NOTE: Twenty-three years later, in Stan Laurel's very last American film -- 'The Bullfighters' (1945) -- he again played a Spanish bullfighter (with his Spanish voice post-dubbed). Coincidentally, that film used stock footage from 'Blood and Sand': not Valentino's movie, but the Tyrone Power remake. 'Mud and Sand' is funnier than 'The Bullfighters', but not much.",0,0,0,1,"Traditional models correct, DistilBERT wrong",,
"Spunky journalist Holly Hunter produces investigative news reports for a major news network. She's a motor-mouthed maverick, dazzlingly good at her job and with little time for romantic relationships. Enter William Hurt and Albert Brooks, two men who vie for her love.<br /><br />Brooks is an old school journalist who adores Holly because she represents everything good about journalism. They both believe that the media exists to test the Gods, educate the public and fight for truth. Children of the sixties, they embody hippie values. They're defenders of the public good. Knights who fight valiantly with pen and camera.<br /><br />William Hurt, in contrast, is a far more complex character. Initially awkward, clumsy and self-depreciating, he gradually reveals himself to be a sexy and manipulative high achiever, skilled at climbing the corporate ladder. Unlike Holly and Brooks, he's symbolic of modern media values: news as spectacle, journalism as entertainment, news anchor as celebrity, truth as subject to editing board. We want to despise him and his blip-time junk food journalism, but we just can't quite manage it. He's playing the game by its own rules. Do we condemn him for lacking a moral backbone? Do we condemn the game? Can the game exist if its rules are disobeyed? How have these rules evolved? <br /><br />This isn't Lumet's and Chayefsky's ""Network"", and so the film never bothers to answer or raise these questions. Content to keep things on the level of light comedy, it ends with Hurt being promoted to London Division and Brooks being booted to a tiny community network. Holly, having rejected both men, remains caught between them. The last bastion of media integrity, this spunky reporter remembers her roots, mourns the loss of Brooks and warns herself to be on the guard of future William Hurts.<br /><br />It's a cute ending, but compared to ""Network"" the film seems positively trite. Chayefsky's vision is one in which global media, despite its ubiquity, offers less meaningful information. He foresees a world in which globalisation has homogenized cultures, information has become subject to corporatisation and a handful of media monopolies control all international news. This is a world in which the truth is subject to shareholder meetings and economic interests. A world in which viewer ratings determine content and opinion polls dictate top stories. <br /><br />Perhaps this is why ""Broadcast News"", which longs for the glory days of journalism, ends on such a bittersweet note. It knows what the future holds. Made in 1987, its been living it for at least a decade.<br /><br />But today, in the digital age, things are even worse. Mergers and acquisitions have left a very small number of massive firms dominating the communication landscape. With this has come the hyper-commercialism of content, the barrier between the creative/editorial side and the commercial side all but collapsed. Today everyone might be able to start their own blog or website, but these are grass roots affairs. As the communication reach of the individual increases (due to technological progress - email, internet, electricity, air mail etc) the size of the individual's world increases likewise. He must project his voice both further and louder, futilely battling that deafening white noise, the incessant verbal static that is the global community.<br /><br />So ultimately you need two things according to democratic theory. Firstly, you need a rigorous coming of people in power and people who want to be in power, both in the private and public sector. Secondly, you need a wide range of informed opinions on all important issues of the day. In a democratic society the media system as a whole should produce this sort of culture. Unfortunately, the structure we currently have in the global system works directly against the needs of democratic journalism and a democratic society. <br /><br />8/10  This is lightweight stuff, but a witty script, some funny moments and a brief cameo by Jack Nicholson, elevate it above most other films about journalism. Interestingly, unlike most films about the media, it never dips into satire, and instead plays things as a straight love triangle.<br /><br />Worth one viewing.",1,1,1,0,"Traditional models correct, DistilBERT wrong",,
"""A young man, recently engaged to be married, is the victim of a traffic accident and dies as a result of his injuries. His father, desperate to revive his son, agrees to let a scientist friend try his experimental soul transmigration process to save him. After the young man returns to life, the father and fiancée notice a dark and violent change in the young man's behavior, leading them to believe something went horribly wrong in the revival process,"" according to the DVD sleeve's synopsis.<br /><br />At one point, Edward Norris (as Philip Bennett) is asked, ""What do you think this is, Boys Town?"" Mr. Norris should know, since he was in ""Boys Town"". ""The Man with Two Lives "" is more like ""Black Friday"" minus Karloff and Lugosi. You do the math. This film might have been a contender, with a re-worked script; it does feature an intriguing final act. After a tepid ""shoot out"", hang in for the drama to pick up with a well-played scene between star Norris and pursuing detective Addison Richards (as George Bradley).<br /><br />**** The Man with Two Lives (1942) Phil Rosen ~ Edward Norris, Eleanor Lawson, Addison Richards",0,1,1,1,All models wrong,,
"I think that anybody whose dumb enough to risk being a wax dummy just so they can go to a football game or they don't want to leave their car ""to get stripped"" deserves whatever happens to them.<br /><br />The guy, Wade who ""went to a barbershop and asked for the He-Man haircut"" wasn't my type, but there's this really cute scene of him having his eyebrows and facial hair waxed. That's a little too high-maintenance for me. <br /><br />Also fun, but not my type is the fat guy in the big sunglasses who looks ""like Elton John only gayer,"" but that whole plot goes nowhere! <br /><br />Blake was hot,I could see myself with him if he wasn't so into his girlfriend, who is a phony Paris Hilton in a bad wig (no Chihuahaua in her handbag,though but that would have been really precious). I don't think girls who look like that go to football games anyways. Nick the car thief is the sexiest! One of the best parts is where a football lands by him, and instead of throwing it back, he chucks his cigarette down and it burns the football. See, that's just the kind of guy he is. He has a sister who looks dumb borrowing his white wife-beater. Her bra straps are showing for, like 1/2 the movie!<br /><br />Mostly you will just want to wax your legs and not ever go to football games after seeing this.",1,0,0,0,All models wrong,,
I have no idea why everyone hates this movie to call it garbage a travesty an unexceptable sequel is just unfair i mean what else could they have made for a sequel then. Cause seriously I think it should have had a sequel (Rodney Dangerfield) says: hey everyone were all going to get laid and then a little dancing goffer and thats it thats the end of Caddyshack even though the film rating on first one was (R) and the second one was (PG) it was still lots of fun .<br /><br />(7/10),1,0,0,0,All models wrong,,
"It took me a while to find this movie since they don't have it yet on DVD (and my VCR is not worth hooking up again). I guess all the referencing to drug use is too much for some folks. But I found a decent bootleg on Ebay and I must say that anyone who takes this movie too seriously is just retarded. It is a slap stick spoof in the vein of ""Airplane."" I must say that when I watched it on Showtime or Spotlight growing up in the 80s, I enjoyed the humor a whole lot more then, than I do now. But it's definitely worth watching just to see what they(i.e., movie makers) were able to get away with before the ""Just Say No"" hypocrites unleashed their propaganda. sing...""We are all on drugs"" hahaha It's a silly film and worth the $10 I paid off of Ebay to get it on DVD just don't even think about comparing it to the original - that's just plain stupid. What are you high?",1,0,0,0,All models wrong,,
"The movie has started, the wheels spin, your car has entered a race against the Fox.... You're behind you can't get in front, you figure, ""if i go out, i'm taking you with me..."" You smash into the cars parked on the side of the road, you turn to hit Fox but your aim is bad.... Bang, you've gone up the back of a VW, and smash you've landed in a reservoir. Your car lights on fire. You could get out if you wanted, but the shame of losing has taken you... BANG! Your car blows up, everyone looks on in despair, some crying... The sound of a siren tells you the cops are coming. Everyone gets in their cars and bolts, leaving you to burn. The charred remains of the cars frame sits there, haunting the on lookers... You're dead.<br /><br />This is one of the scenes; actually its the first scene in the movie. There are many more like it. As you enter the cockpit of the Fox in his pimped out V8 ford, Terry Serio in his crazy GTHO, and many others in this blast from the past.... JOHN CLARKS masterpiece, ""RUNNING ON EMPTY"" ""-He'll win at any cost-""",1,0,0,0,All models wrong,,
"Crack House (1989) was one of the few film during the 80's that falls into this genre. What's supposed to be an anti-drug film turns out to be nothing more than some white-exploitation exercise in depravity. There's nothing wrong with that however. The video presentation even has an anti-drug message from one of the stars of the show Richard ""turncoat"" Roundtree,<br /><br />The movie follows two young lovers in high school. One of them is a quasi tough guy and the other is his girl. One of them get's turned out by a mutual friend whilst the other is given a trip to the slam and is later on given a chance to get back at his ex-friends. Jim Brown appears as the movie's ""Mister Big"", he's one bad dude who still can punk-out anybody and is a very sadistic guy who likes to smack his hoes and beat the tar out of those who try to defy his word. Luke from General Hospital makes a guest star spot as well.<br /><br />If you like hard edge sleaze then this movie's for you. Sadly, Hollywood doesn't make these any more and when they do, it's neither exploitative nor entertaining.<br /><br />Recommended for sleaze fans.",1,0,0,0,All models wrong,,
"While the new Pride & Prejudice film is gorgeous to view, and the soundtrack is lovely, we are not seeing Jane Austen's Pride and Prejudice. The film is for some reason set back in the early 1790's, rather than the Regency period where the novel is set, as scholars have long shown. The Bennets' Longbourn estate is ram-shackled and looks like Cold Comfort Farm. Yet the Bennets in the novel are gentry class; they own a farm, but the pig does not walk through the house, nor is the farmyard of manure and chicken droppings contiguous to the home. Scenes are re-set from the novel,and lest we forget, Jane Austen placed scenes in certain locations for a reason. For example, the film puts the big Darcy proposal scene outside in a storm in front of a Neoclassical temple, as opposed to inside the Collins' parsonage: Why did Jane Austen put it in the parsonage? Because while Lizzy and Darcy speak with total, if brutal honesty to each other in this scene, the Collinses have never shared an honest word. Why the rain and the outdoor proposal? It looks like Jane Eyre meeting Rochester! And when Elizabeth walks across a windy field to stand on a cliff and view the panorama, one expects her to cry, ""Heathcliffe"" at any minute! Austen has been Bronteized! Judy Dench is a GREAT actress, but Lady Catherine is supposed to be tall and striking. The petite Tom Hollander is a brilliant actor: but Mr. Collins is described in the novel as tall and heavy-looking, which suggests that his terrible dancing with poor Lizzy is elephantine. Matthew MacFayden is another favorite of mine from MI-5 on A&E; in P&P, however, he is more the young Heathcliffe, never smiling--though Austen observes in the novel that Darcy smiles at Lizzy quite a bit, and she realizes this when she sees his wonderful smiling portrait at Pemberley--a portrait that in this movie is for some reason replaced by a sculptured marble bust.And much of Austen's dialogue is changed to modern speech. Mr. Bingley has been turned into such a clown that one wonders why Darcy would have him as a friend and why Jane Bennet would love him. The bottom line is that while this is a great movie to watch and hear, it deviates from Jane Austen's novel so much that any student who watched it, thinking she could substitute viewing for reading, would fail!",0,1,1,1,All models wrong,,
"Seriously, I don´t really get why people here are bashing it. I mean,<br /><br />the idea of a killer snowman wreaking havoc on a tropical island paradise is pretty absurd. The good news is, the producers realized it and made it a comedy in the vein of Army of Darkness. <br /><br />Especially in the second half of the film, when the little killer snowballs attack, I laughed my ass off. For example, the put one of the little creeps into a blender (a la Gremlins 1) and mix it. After that, it morphs back into a snowball and squeals with a high pitched voice ""That was fun!"".<br /><br />Bottom line - incredible movie, rent it.",1,0,0,0,All models wrong,,
"Eugene O'Neill is acclaimed by some as America's leading playwright, but for things like The Iceman Cometh, Long Day's Journey Into Night, The Emperor Jones. Strange Interlude was a piece of experimentation he concocted where the characters on stage, look aside to the audience and say what they really are thinking and then resume conversation. It was a nine hour production with a dinner break on Broadway, so you can safely assume a lot has been sacrificed here.<br /><br />For the screen the voice over regarding the thoughts is used for all the characters. It probably is a technique better suited to the screen. Sir Laurence Olivier did very well with it in his version of Hamlet. But Bill Shakespeare gave Olivier a lot better story than O'Neill gave his players in this instance.<br /><br />Players like Clark Gable, Norma Shearer, Ralph Morgan, May Robson, etc. are a lot more animated in most of their films than they are in Strange Interlude. The story takes place over a 20 year period. Norma Shearer is a young woman whose intended is killed in World War I. She starts playing around quite a bit, although that part is not shown in this version. She makes the acquaintance of Alexander Kirkland and his friend Clark Gable. She also has as a perennial suitor, Ralph Morgan, a friend of her father's Henry B. Walthall.<br /><br />She marries Kirkland, but then is warned by his mother May Robson and shown that insanity gallops in that family to quote another literary work. Since Kirkland wants kids and Shearer and Robson think Kirkland's train will slip the track if he doesn't get one, Gable is recruited for breeding purposes. Of course you can see all the complications this can cause and O'Neill explores them all.<br /><br />Gable is so terribly miscast in an O'Neill production, but he was an up and coming player at MGM and did what they told him. Shearer does what she can to lift a very dreary story, but she seems defeated at the start. Best in the film is possibly Robson who puts some real bite in her dialog.<br /><br />Strange Interlude ran for 426 showings on Broadway in 1928-1929 and starred Glenn Anders and Lynn Fontanne in the Gable and Shearer parts. Perhaps no one could really have saved the film because two years earlier, Groucho Marx lampooned the stuffings out of it in Animal Crackers. After seeing what he did, I don't think the movie going public took it too seriously.<br /><br />And since it's not the best of O'Neill, neither could I.",0,1,1,1,All models wrong,,
"There is a special heaven reserved for people who make the world laugh. Alongside Chaplin,Stan and Ollie,The Marx Bros and.....(fill in your own special favourites)space must be made for everybody connected with ""Airport 80 - Concorde,the movie"". Robert Wagner in particular exceeds all expectations giving the comedy performance of a lifetime.I would never have thought he had it in him. The only way he could have been funnier would have been to have worn a red nose and a revolving bow tie. British moviegoers will recognise the fat one from Cannon and Ball pretending to be a Russian athlete,a nice trick if he could have pulled it off but,tragically,he couldn't.I have a 14 year old labrador more athletic and almost as funny. George Kennedy - bless him - has a part that requires him talk and move at the same time,and my goodness he triumphs!Brow wrinkled with effort he utters timeless dialogue,each word lovingly polished into Coward-like brilliance. Only once in twenty years does Hollywood turn out a film like ""Airport 80"".All the years of toil and struggle,the sweat,the tears,the lessons with Lee Strasberg,living out of suitcases,born in a trunk etc etc,all come to fruition.A work of art is created that will last as long as there are movies and machines to show them on. I think I'm ready for my medication now.",0,1,1,1,All models wrong,,
"Heftig og Begeistret (Intense and Enthusiastic) is a documentary-like story of a male choir up in Berlevåg in the very northern part of Norway, where the weather is cold and hostile, the days are dark during the winter and the towns are faced with young people moving to the more populated parts in the south of Norway, where the climate is warmer and there are more opportunities.<br /><br />The most beautiful part of this movie is the humans themselves. The people in the choir, who are aged from 30 to 95, all have unique, colorful lives and are very enjoyable beings. They are characterised by the harsh climate and the recession of the North and have adapted to the way of living required. Throughout the movie, we learn a bit about many people in the choir and we follow them through songs, some events in a church and on the harbour, and in the end, a trip to Murmansk.<br /><br />The outside environment filmed in the movie is very beautiful and characterised by the Norwegian nature. The scenography is also natural and taken directly from the choir and from the peoples lives that we meet. Thei r livingrooms, the bathroom, the kettle on the oven; there is nothing artificial about this movie, not the people, not the environment, not their music and not their feelings. Everything is as real as can be.<br /><br />It all loses out though when it comes to giving a story. It is very beautiful and real, but why do we see it? Is it because of the songs? Is it because of the nature? Or is it simply just to see a story about Berlevåg Mens-Choir, about their life and some of the trips they have. The message, if there is any, is that this small society copes with life through such social events like the choir. The choir have kept the people together for many many years.<br /><br />It is all nice, but being as popular as it has been, seen by almost 200.000 in Norway, there is something wrong. There is no beginning or end to it. Nobody gains or loses anything, nobody reveals any message or tries to convince the audience of that this is good or that life up there is great. Why was this movie made?<br /><br />I am sorry. It is a nice movie about good people, but compared to the average European, Scandinavian or Norwegian movie - this does not deserve a 9 out of 10. It is closer to 4 out of 10, and that is what I will give it.<br /><br />If you see this movie in a theater, you should expect the average age on the audience to be around 55-60. It has reported to be consistently high in all theaters. Maybe this is also the reason for it receiving such very high praise in the news and good grades also on the IMDB: It is a movie about elders, for elders. It is a movie of ""I regret nothing in my life"", and a story saying that living in a small town like Berlevåg, might be a nice life too.",0,1,1,1,All models wrong,,
"I enjoyed the acting in this movie. Except for the sister. She reminded me of Janice on Friends. I could never quite believe she was anything but obnoxious. <br /><br />My main problems with the movie were the anticlimatic ending and the execution scene with the sister and brother-in-law. The guy falling out of the exploding car? Maybe if his hand had been blown off and he ran to the mute for help and she kissed him and rushed him to a hospital, maybe then I could have gone for the ending. I think somebody needed to die in the execution scene. Mainly the brother-in-law. He was such a pain in the ass anyway. Or maybe the sister needed to accidentally kill the guy who saved the mute. I could have even bought into the brother-in-law killing the hero and the ending being the two sisters being put in snuff films. <br /><br />It is worth watching again and as I always say, it is much easier to be a reviewer instead of an author.",1,0,0,0,All models wrong,,
"What a crazy film!It lasts 12(!) hours and you don't understand who these people are and what are they doing!The main plot is about a bunch of clueless actors trying to bring on scene ""Prometheus"",but there are lots of sub-plots,like the disappearing of Thomas and a crazy guy looking for Monsieur Warok....what's the meaning of all this???",1,0,0,0,All models wrong,,
"One of the classic low budget 70's movies, this film was found in a bargain video shop in London for only 50p. (interestingly, the package lists the star of the film as 'Charles Bone', who sounds like a porn star, but once the credits role it's obvious that the picture is aligned to far the right of the TV screen, so that all the cast members have the last letter missing from their names)<br /><br />From the moment the narrator lamely introduces us to the situation that the desperate tenants of a grimy New York City apartment block, you know you're in for a rollercoaster ride of fromage. The direction is from the 'Ed Wood one-take' school - if one or two extras were looking at the camera crew, then what the hell?<br /><br />The films finishes with a plot twist that puts The Usual Suspects to shame. Buy it now.",1,0,0,0,All models wrong,,
"Leon Errol handles his double role of Uncle Matt Lindsay and Lord Basil Epping superbly, but I have trouble liking the ""Mexican Spitfire"" Series because they all are contrived to produce mistaken identities, and these are telegraphed way in advance. Errol is funny as the stuffy Lord Epping, but I would have preferred a lot more wit and much less repetition. <br /><br />",0,1,1,1,All models wrong,,
"Heaven, Mary and all the Saints above! A young man has got super sperm, it's miracle bejesus, call the Pope, all you ladies out their desperate to get preggers, line up out side his door and drop your marks and sparks finest! Risible retro ealing comedy type comedy, trying to bring you a bit of the auld Irish charm. Has an effect like placing two fingers down your own throat, voamitus maximus! One out of ten!",0,1,1,1,All models wrong,,
"The visual effectiveness of this film is unmatched by anything I've seen. And the work required to make achieve it must have been incredibly long and tedious (you don't just stick ""Kodak Grainy Film"" in your camera to get this look). Don't watch this film to be entertained, watch it to be visually stimulated, watch it to be challenged and provoked in your thoughts on film and any other topic that comes to mind, religion will likely be one thought.<br /><br />",1,0,0,0,All models wrong,,
"OK, yes its bad, yes its complete fluff, yes it makes dobbin the mule look like an Oscar winner but look at it like i did i was 13, special effects were pretty much non exsistant in 90% of films, back in the good Ole days when films needed a story line.. OK so even the storyline is a bit dodgy.. but wow did i get into this film as a kid in the 80s. cheesy rock, bad special effects, but airplanes an aerial fights and it had queens one vision on the soundtrack.. see even the worst things have a silver lining.. all in all if you want a bad film to show a 12 year old who hates computer effects (if there is such a film) this is the ideal choice",1,0,0,0,All models wrong,,
"No one is going to mistake THE SQUALL for a good movie, but it sure is a memorable one. Once you've taken in Myrna Loy's performance as Nubi the hot-blooded gypsy girl you're not likely to forget the experience. When this film was made the exotically beautiful Miss Loy was still being cast as foreign vixens, often Asian and usually sinister. She's certainly an eyeful here. It appears that her skin was darkened and her hair was curled. In most scenes she's barefoot and wearing little more than a skirt and a loose-fitting peasant blouse, while in one scene she wears nothing but a patterned towel. I suppose I'm focusing on Miss Loy's appearance because she is by far the best if not the only reason to tune in to this creaky antique and to keep watching. You sure won't be attracted by the dialogue, which is hopeless. In one typical passage, Nubi gazes out the window at the departing caravan and waxes poetic: ""Always the gypsies, they sing. Weird and sad. When the big sun have breath of fire that burn, and when the pale moon look from behind cloud and breathe air cold as death, they sing."" Poetic, or what? Lovers of purple prose will have a field day. I can't help but wonder, though, if in her later years Miss Loy preferred not to recall her involvement with this project.<br /><br />Like so many early talkies this one was an adaptation of a recent Broadway success. The stage version opened at the 48th Street Theatre in November of 1926 and ran for over a year. The play provoked a famous episode involving the humorist and theater critic Robert Benchley, who was known to have an aversion to characters who spoke in thick dialect or pidgin English. According to a much-repeated anecdote Mr. Benchley squirmed uncomfortably through the opening portion of this show. The Spanish village setting (moved to a village in Hungary for the movie, for some reason) gave the actors leeway to practice their accents with varying degrees of success, but Benchley's patience reached its limit when, during a family dinner sequence, a door burst open and an actress dressed as a gypsy girl dashed into the room shouting ""Help! Help! He keel me!"" She then threw herself at the feet of the mistress of the household and exclaimed ""Me Nubi! Me good girl! Me stay here!"" At that point Mr. Benchley rose and announced to his companion: ""Me Bobby. Me bad boy. Me go now,"" and left the theater.<br /><br />The film version offers numerous examples of unintended humor but never comes close to Benchley's level of wit. The melodramatic plot concerns the Lajos family: father Josef, mother Maria, and son Paul, a student at the nearby college. We would consider this prosperous family ""upper-middle class"" as they are landowners with servants and all the comforts of life, but their comfortable existence is abruptly thrown into turmoil when a gypsy caravan arrives in the village and their home is invaded by, yes, Nubi the nubile gypsy girl. She arrives at their door during the storm of the title-- symbolizing stormy emotions, I daresay. The girl is fleeing an abusive relationship and begs for sanctuary. After considering the matter the Lajos family agrees to hide her from her angry lover, who shows up shortly afterward but is turned away. Nubi becomes a servant in the household. Kindness motivates the family's decision to take her in, but soon enough that conniving little good-for-nothing Nubi has paid them back by seducing every able-bodied male in the vicinity, starting with the Lajos' servant Peter, then working her way up to son Paul. Nubi breaks up Paul's relationship with his fiancé Irma (played by Loretta Young, still a teenager), causes him to flunk out of school, and then prompts him to buy her jewelry by stealing the savings of the family's maid Lena (ZaSu Pitts). Lena, for her part, is still mourning the loss of her own fiancé Peter, seduced and tossed aside by Nubi when she turned her attentions to Paul. Ultimately Nubi sets her sights on the pater familias Josef, and I suppose if the running time had been longer she also would've gone after Uncle Dani, Maria, the village priest and God knows who else.<br /><br />I guess it goes without saying that a scenario like this one easily lends itself to parody, but during its first half THE SQUALL nonetheless exerts the undeniable fascination of a daytime soap: we watch, hypnotized, as the Bad Girl works her spell on the men-folk and wreaks havoc like an irresistible force of nature (almost like-- a storm! Ah-haa, another metaphor!). But as the plot machinations grind on the campy fun fades. During the later scenes Nubi is de-emphasized and the focus switches to the dysfunctional dynamics of the Lajos family, and after awhile these people get to be a real drag. The son in particular behaves like an absolute heel, yet the parents never acknowledge this or face up to their own shortcomings; everything, we're told, is the fault of Nubi, that no-good tramp.<br /><br />The men of the cast are dull. Aside from Miss Loy the only actress who can handle performing in talkies is ZaSu Pitts, terrific as usual. The mother of the Lajos household is played by Alice Joyce, a longtime silent star who was out of her element with speaking roles, and who retired soon after this. Loretta Young's fresh prettiness provides a nice contrast to Nubi's dusky allure, but her line readings are so awkward it's kind of endearing. No, there's only one reason to watch this flick, and that's Nubi herself. I can't think of another actress who could've played this silly role and managed to come off half as well. I'm not an objective observer, however. I have a desperate crush on Myrna Loy and will watch her in anything, even THE SQUALL.",0,1,1,1,All models wrong,,
"Feisty Dianna Jackson (a winningly spunky performance by gorgeous former ""Playboy"" Playmate Jeanne Bell) goes to Hong Kong to take out the evil heroin ring that murdered her brother. Dianna's assisted by friendly karate master Joe (amiable Chiquito), faces opposition from undercover narcotics agent Elaine (lovely, buxom blonde babe Pat Anderson), and romances cocky, ruthlessly ambitious Charlie (essayed with supremely arrogant aplomb by Stan Shaw) while plotting her revenge against nefarious drug kingpin Sid (an effectively slimy Ken Metcalfe). Director Cirio H. Santiago, working from a blithely trashy script co-written by none other than Dick Miller (!), crams the lively and eventful 72 minute running time with a plethora of gratuitous distaff nudity and loads of badly staged martial arts fight scenes (Bell is clearly doubled by a squat guy wearing a giant Afro wig!). The definite sleazy highlight occurs when a topless Bell singlehandedly beats up a bunch of thugs in her hotel room. Felipe Sacdalan's raw, grainy, scratched-up cinematography, the clumsy use of strenuous slow motion, the funky-groovin' score, the laughably inept fight choreography, and the surprisingly gruesome conclusion add immensely to the overall scuzzy fun of this deliciously cheesy grindhouse exploitation hoot.",1,0,0,0,All models wrong,,
"Korine's established himself, by now, as a talented and impressive image-maker. The promotional posters for Mister Lonely all include the film's most impressive compositions (though there's one in particular I've yet to see in promo material: that of a blue-clad nun teasing a dog with a stick, surrounded by green forest with torrential rain pouring down). The opening images of this film, of Michael Jackson lookalike (Diego Luna) riding a small motorbike round a track, is strangely compelling and beautiful: Roy Orbison's ""Mister Lonely"" plays on the soundtrack, and the images unfold in slow-motion. There's also a funny and terrific sequence in which the same character mimes a dance, without music (though a radio sits like a silent dog next to him), in the middle of a Paris street; Korine splices in sound effects and jump-cuts that evoke both a feeling of futility and dogged liberation in the character's dance routine.<br /><br />The first instance of the segment dealing with the nuns is also strangely poignant; Father Umbrillo (Werner Herzog) is an autocratic priest about to fly with some nuns over, and drop food into, impoverished areas nearby. In a scene that is both light-hearted and affecting, Herzog must deal with a stubbornly enthusiastic local who wishes to make the plane trip with them in order to see his wife in San Francisco. As the exchange develops, Herzog draws out of the man a confession: he has sinned, and his frequent infidelity is the cause of his wife having left him in the first place. This scene, short and sweet, gains particular weight after one learns its improvised origins: the sinner is played by a non-actor who was on set when Korine and co. were filming - and his adulterous ways had given him, in real life, a lasting, overwhelming guilt.<br /><br />Henceforth, the film is hit-and-miss; a succession of intrinsically interesting moments that add to a frivolous, muddled narrative. Whereas Gummo and Julien Donkey-Boy maintain their aesthetic and emotional weight via coherent structural frameworks, Mister Lonely feels like a victim of editing room ruthlessness. A few scenes were cut from the film, which would have otherwise painted fuller pictures of certain characters, due to continuity errors in costume - a result, no doubt, due to the absence of a shooting script and Korine's tendency for improvisation. One deleted scene in particular - in which 'Charlie Chaplin' (Denis Lavant) and 'Madonna' (Melita Morgan) have sex - would have added much more emotional conflict to a scene later on in the film (I won't spoil it, but it's there to deflate any feeling of warmth or celebration, and, as it is, only half-succeeds).<br /><br />The two strands of the narrative, unconnected literally, are best approached as two entirely different stories with the same allegorical meaning; one compliments the other and vice versa. (It's something to do with the conflict between one's ambitions and the reality of the current situation.) But there's not enough of the Herzog scenes to merit their place in the film, and so any connection between these two allegorically-connected threads is inevitably strained - and the inclusion is, in retrospect, tedious.<br /><br />This is an ambitious step forward from Julien Donkey-Boy that suffers mostly, at least in the lookalike segments, from having far too many characters for the film's running length, a flaw that would have been even worse had big star names played everyone (as was originally planned).<br /><br />With many of the imagery's self-contained beauty, and moments of real, genuine connection with the soundtrack, this feels like it'd be much more suited to an art installation or photo exhibition. As an exploration of mimesis and the nature of impersonation, it'd lose none of its power - indeed, for me, it would perhaps be more impressive. The loneliness attached to iconic performativity (such as that encountered by both the icons themselves and those who aspire to be like them) is well-captured in images such as that wherein 'Marilyn Monroe' (a gorgeous Samantha Morton) seduces the camera with a Seven Year Itch pose in the middle of a forest, or when 'Sammy Davis, Jr.' (Jason Pennycooke) settles, post-dance rehearsal, with his back to the camera overlooking an incredible, tranquil lake.<br /><br />As it is, moments like these, and all those where the titles of randomly-chosen Michael Jackson songs crawl across the scene, are married to one another in a film narrative far less affecting than it should be.<br /><br />(For those who see it, I lost all faith during the egg-singing scene, late on. You'll know which scene I mean because it sticks out like a sore thumb, as some sort of gimmicky attempt at the new cinematic language for which Korine has previously been hailed.)",0,1,1,1,All models wrong,,
"Though it hardly compares to other sci-fi film giants like 2001: A SPACE ODYSSEY or CLOSE ENCOUNTERS OF THE THIRD KIND, LIFEFORCE does work as a totally berserk and bizarre melding of science fiction and horror elements. Somehow, despite dialogue that approaches the ridiculous and acting that does the same, it manages to work because of a few highly different elements.<br /><br />Loosely based on Colin Wilson's 1976 novel ""The Space Vampires"", this film from director Tobe Hooper (POLTERGEIST; THE TEXAS CHAINSAW MASSACRE) focuses on a joint US-British mission aboard the British space shuttle Churchill to study Halley's Comet. Led by an American commander (Steve Railsback), they discover an alien spacecraft in the comet's coma. And when they investigate the interior of the spacecraft, they find alien occupants that look like giant bats. Later on, the Churchill reaches Earth's orbit, but no response is given from radio calls issued from the mission's home base, the Space Research Center in London. Columbia is launched to rendezvous with Churchill, but they find the entire ship gutted by fire--all except for the alien beings encased in glass who, far from being untouched by the fire, look absolutely perfect. The aliens are bought back to Earth...and that's where the incredible happens.<br /><br />These space vampires escape from the Space Research Center and, instead of draining their victims of blood via bite wounds, suck their victims' lifeforce totally out of them. One of them is the Space Girl, a thoroughly nude vampiress played by Mathilda May. Railsback, the only actual survivor from Churchill, is bought in by the SRC's chief (Frank Finlay) and a British special agent (Peter Firth) to track May, who is in telepathic contact with him. Pretty soon, however, the vampires have turned London into a scene of pure holocaust; people are either being dessicated or turning into zombies, and the threat by NATO to sterilize the city with thermonuclear radiation looms large. Railsback finally catches up with May, and sacrifices himself by impaling her with a large metal sabre.<br /><br />Undoubtedly disjointed, unquestionably uneven, but nevertheless worth watching, LIFEFORCE, despite the frequent incoherency of its script and its acting, benefits from some drop-dead excellent special effects work by John Dykstra (STAR WARS), some of the best ever seen. The other working element, and a surprise one it is, is the incredible orchestral score by Henry Mancini, almost Wagnerian in the same way John Williams' score for STAR WARS was--and Mancini, like Williams before him, uses the London Symphony Orchestra, to boot!<br /><br />Largely forgotten these days, and a critical and box office disaster in 1985, LIFEFORCE, if for no other reason, should still be seen for anyone with a taste for the bizarre. There had never been a film quite like it before, and there will certainly not be anything like it again.",1,0,0,0,All models wrong,,
"It's too bad iameracing wants to deny the reality of Faulkner's and Clarence Brown's purpose in the creating of the story and film of ""Intruder In The Dust"". I suppose the burden of a history of racism is difficult for any Southerner to bear and I can understand that. But to say that this film was not specifically about racism is ridiculous and inaccurate. YES (to borrow your use of the upper case) iameracing, there are many many many places where blacks and white people in the South get along quite well. But to deny the way that black people were and sometimes still are forced to live, the conditions and injustices they have had to endure are not imaginary. Sometimes black and white people got along because of genuine affection and understanding. Sometimes it was only as long as blacks 'knew their place'. The point of making Juano Hernandez character (in film and print) a somewhat prickly type, not warm and fuzzy, was to underscore the fact that bigotry is wrong in and of itself and human rights are just that for everyone regardless of whether we like a particular individual or not. <br /><br />It would do iameracing good to stop denying the existence of racism and the great harm it has done to Americans of all stripes. The fact is that black people (among others) did not, as a rule, not an exception, receive the benefits of the justice system as even-handedly as whites. Segregation, discrimination and lynching are historical fact. People like iameracing might claim these things were not as widespread as some think and would probably love to exonerate their ancestors and heroes from any connection with such behavior. It would be a wonderful thing if iameracing's Southern ancestors (if any)never participated in any of the horrible racist actions that mar this country's history and I hope they didn't. If that is so congratulations to them but that fact, if true, does not erase the fact that others did. And even if the horrible things that were done to blacks in the South (and other areas, let's not forget the Draft Riots of the Civil War Era)were only half as numerous, only a third, does that make them any less horrible? Is the murder of ten children the hanging of ten men the sexual assault of ten women any less horrible than the same things happening to a hundred? <br /><br />Iameracing asks us to get the ""Mississippi Burning"" chip off of our shoulders before we see ""Intruder In The Dust"", well I ask you, did the murders of the civil rights activists happen or not? Why should that be forgotten? Forgiven? Maybe. But in order to prevent their recurrence they cannot be forgotten or revised into minor occurrences. The racism that is displayed in ""Intruder In The Dust"" is displayed there quite purposely. It is there to make a point. <br /><br />On a cinematically historical level it is also ridiculous for iameracing to discount the racial angle. Any viewer of films that were filmed before the 1960's knows that black actors/characters/extras were usually deliberately cast. To judge from our movie history; wars were always fought by middle aged white men; There were no black people in the Old West; it was possible to walk down a street in a major city and never encounter a black person; there were no black hospital orderlies,taxi drivers,clerks, salespeople etc. Blacks were almost never cast with regard to a role unless race was a factor. If Falukner (and Brown) had wanted to tell a simple murder story he probably would not have made the Hernandez character black. <br /><br />Racism exists iameracing. Probably for different reasons I am sure, we both wish that it didn't but it does. Wanting things to be the way we would like them to be probably can't be helped but it still does not make them so.",1,0,0,0,All models wrong,,
"This movie is apparently intended for a young, evangelical Christian audience as a teaching tool. For that I give it a 7 out of 10 point vote. It's a decent movie to show a youth group, but I don't think it will be very well received beyond that. For any other audience, I'd rate it lots lower.<br /><br />The reviewers that saw ""It's a Wonderful Life"" in this were right on, though I didn't think of that until they mentioned it. I was more reminded of a ""Chick Tract"", those little 3"" by 5"" gospel comic books. If Jack Chick ever made a movie out of one of his tracts, it would probably look a lot like ""Second Glance."" It has a strong Christian message about the power of prayer and the influence each of us has on earth, but it is somewhat hampered by Christian stereotypes. The Christians are all very nice, somewhat passive, and squeaky clean, while all of the non-Christians seem to be bad people.<br /><br />Muriel the angel plays a major part, and he is the corniest, cheesiest character in the film. He is the most unlikeable angel I have ever seen in any movie, and the biggest negative. I don't know if the directors intended for his personality to come off so badly, or if he just struck me that way. (I admit that he reminded me of someone I know.) Dan's love for a very worldly girl who is not at all his type drives the plot in this movie. Why he ever fell for her in the first place is the one question that I wish had been answered.<br /><br />But the movie does display positive Christian values, and your youth group will be entertained as they view something wholesome with a good lesson.",1,0,0,0,All models wrong,,
"Whoa. I mean, whoa. I mean, whoa whoa.<br /><br />I saw this movie, waaay back when I was eight, in 1996. Back then, CGI films were a rarity; and good ones even more so. Also, back then we listened to things called CD players. But I digress. I used to like this movie a lot, way back then, and up till viewing it again, I've held reaally fond memories of it. Hey, it's Don Bluth! Anyone who hates ""All Dogs Go to Heaven"" is clearly a robot. But, again, I digress.<br /><br />Then, I saw it again. This really isn't one of his best, I can say now, eleven years later. I've seen a lot more films, and I've garnered a little bit more knowledge. Now, sure, the voice acting is good, I'll give 'em that. Story's...okay. I mean, we see it all the time. A LOT. But, it works. The musical numbers are what irk me. This would've been more at home in the eighties, with these kind of musical numbers. In '96, most kids movies had epic numbers, like the Lion King (which came out a year or so previous, but whatever)or stuff like that. You get showtunes here, vaudeville style.<br /><br />The animation kind of hurts, too. At times choppy, and at others completely changing style and format with the change of a shot, it's really hard not to notice.<br /><br />I still like ""All Dogs Go to Heaven, but this could've been waaay better.<br /><br />4/10",0,1,1,1,All models wrong,,
"The movie was a pleasure to watch if you are a fan of the Stooges. The story is told from the point of view of Moe Howard and his relationships with his brothers Shemp and Jerome (Curly) Howard, also the life long friendship with Larry Fine. The movie deals mostly with the off camera high points and pit falls of the Stooges multi decade career. The casting director and makeup artist did a fair job of finding actors who resembled the famous ensemble. The actor who plays ""Curly"" Howard did a fine job of portraying the on camera antics of the most beloved Stooge. A must see for any fan of Three Stooges shorts.",0,1,1,1,All models wrong,,
"Sorry to disagree with you, but I found the DKC series to be quite engaging. So much so that I invested in the SNES system and my own copies of the games. This is, mind you, almost ten years after the initial release of DKC 1. The graphics were ground-breaking for their time, the first vector graphics games for home systems. The music and characters are all memorable, and the games brought myself and my girlfriend dozens of hours of entertainment. True, the second game was better than the first, and the third was perhaps lacking the 'edge' of the second installment. But all three offered different play, and I enjoy them to this day. By the way, I'm old enough to remember when there were NO video games whatsoever (and TVs were black and white!).",0,1,1,1,All models wrong,,
"I enjoyed this series, but felt that the whole thing was let down by the sound recording/mixing.<br /><br />For whatever reason, they've had to employ an awful lot of what's called ADR, where the actors replace the original location sound with a re-recording of it in a sound booth.<br /><br />The reasons for doing this are usually due to problems at the location, or because somebody screwed up somewhere in the sound production chain.<br /><br />It wouldn't be so bad if the ADR was done well, but at times it's just plain distracting. It's not just the ADR that's the problem - the sound mix just doesn't match up to the quality of performances and the pictures.<br /><br />I'd be curious to know what went wrong.",1,0,0,0,All models wrong,,
"Why wasn't this voted for Best Picture of 1998? This has to be the best movie ever. It makes something like Citzen Kane look like utter crap, come on, Citzen Kane wasn't even in color! I love this movie, it has to be the best movie I've ever put money down on. I am still shocked that it wasn't nominated for ANYTHING!<br /><br /> If 10 is the highest you can give it, I give it 20!",0,1,1,1,All models wrong,,
"Caroline Bender (Hope Lange) is just killing time getting a job. Her real ambition is to marry Eddie and have a baby. <br /><br />April (Diane Baker) is too innocent to stay that way for long and falls in love too easily, a dangerous combo. <br /><br />Greg (Suzy Parker) is a go-getter and wants to be an actress. <br /><br />All three are doomed for dramatics in 'The Best of Everything', a 1959 soap opera/morality play/sometimes solid movie that is aging by the second.<br /><br />Set in the cut-throat world of paperback publishing, its not as trashy as ""Valley of the Dolls"" but not as vanilla as ""Three Coins in the Fountain.""<br /><br />The men in the mix - Brian Aherne, Stephen Boyd, Louis Jourdan and Robert Evans - are slick, well-dressed and no good, for the most part. Aherne is the resident sexual offender - will pinch anything walking by, and makes unwanted advances right and left. His character is offensive as hell, but its not played seriously at all. Harassment hadn't been discovered yet, I guess. Boyd works there, too, although you never see him actually doing anything. He's too busy being older, wiser and drunker. Evans is abroad just so Diane Baker can suffer in style - he's a rich kid who's gotten her in 'trouble' so instead of marrying her, as promised, he's taking her to get an 'operation.' <br /><br />Jourdan is a director who mistakenly has an affair with Parker. They share a fight scene which is fairly no-holds barred, in a movie like this anyway, but the scene is ultimately ruined by Parker's histronics. She ends up nearly stalking him, and she really didn't deserve such a lousy fate, her bad acting notwithstanding.<br /><br />Joan Crawford breathes fire as Amanda Farrow, the resident 'witch' who is automatically rude and dismissive of any of her legion of secretaries. Well they are younger, aren't they? Isn't that sufficient reason to hate a person? Caroline doesn't think so, as she admirably stands up to Miss Farrow every chance she gets. Crawford only gets to let loose once, when she tells her married boyfriend 'you can your rabbit-faced wife can both go to hell' and slams down the phone. You never get to see the poor soul who dare crosses her. <br /><br />Martha Hyer's 'storyline', as it were, is extremely weak, and she is painfully over-the-top as an unmarried mother. Short of wearing a huge ""W"" (for 'whore') on her cardigan, she walks around like a pathetic mess for most of her screen time. Even worse, she is not given the courtesy of having it all 'tied up', one way or the other, at the end. It won't matter that much, but still..<br /><br />Its painfully obvious this all took place in a totally different world. People were nicer to one another for the most part and work was not a drag but something exciting, for a girl from outside NYC anyway.<br /><br />One unconvincing drunk scene aside, Hope Lange helps it seem reasonably real as Caroline, who at least has more than one side to her character. <br /><br />I admire that women are seen having an opinion, a chance and a choice. Not that its not wrapped in a nice bow, but it makes some points for equality. In 1959 that was probably noteworthy and possibly controversial. 7/10.",1,0,0,0,All models wrong,,
"This show can most accurately be described as TV Bubble-Gum: It's chewing, it has a good taste to it, and it lasts a long time. But, like Bubble-Gum, it can leave a bad taste in your mouth after a few too many chews.<br /><br />This show features very simple questions that take the form of simply games, like Hangman, guessing a simple phrase or guessing items on a short list. Callers are the contestants, and anybody can play.<br /><br />The questions, though, are terribly easy. There's some techno music pumped into the background that's fashioned into a continuous loop. It never seems to get old, but it never adds much to the show anyway. The hostess, however, regardless of which one that it, is extremely personable, pleasant enough to watch and can make some very amusing facial expressions. I rather enjoy that British woman.<br /><br />But there's nothing to this show. It's simplistic and uncompelling, although it can be entertaining if absolutely nothing else is on.",0,0,1,0,"Logistic Regression wrong, others correct",,
"Yet another ""gay"" film ruined by asinine politics. Luigi's final speech just about sent me running out of the theatre with its bumper-sticker epigrams. Read the comic book it was based on for a much more entertaining experience.",0,0,1,0,"Logistic Regression wrong, others correct",,
"Rugged David Innes (solid Doug McClure) and doddery Dr. Abner Perry (a delightfully dotty Peter Cushing) drill their way into the earth's core in their spiffy mole machine. The duo discover an ancient prehistoric world populated by dangerous gigantic beasts and human beings who are used as both food and slaves by evil telepathic pterodactyl men. Director Kevin Conner, working from a blithely silly script by Milton Subotsky, maintains a constant brisk pace throughout and treats the exceptionally foolish premise with astonishing seriousness, thereby giving this picture a certain clunkily earnest quality that's amusing and endearing in equal measure. The lovably hokey (not so) special effects are quite (unintentionally) funny. The cheesy array of cut-price creatures in particular are positively sidesplitting: cruddy guys-in-obvious-shoddy-rubber-suits pterodactyl men, equally rinky-dink savage ape-man brutes, and a hilariously ludicrous fire-belching frog thing who blows up real good. One gut-busting highlight occurs when McClure mixes it up with a fat and clumsy giant reptile. Another priceless scene depicts a dinosaur clutching a doll in its slavering jaws. Moreover, we also get some rousing rough'n'ready fisticuffs and an exciting climactic slave revolt. It's a total treat to see Cushing gleefully ham it up in a rare broad comedic part and become an unlikely, but enthusiastic arrow-slinging action hero in the last third of the flick. The ever-luscious Caroline Munro looks positively yummy as the fetching Princess Dia, plus there are nice supporting turns by Cy Grant as gallant warrior Ra and Sean Lynch as treacherous coward Hoojah. Mike Vickers' neatly varied score alternates between jaunty orchestral music and wonky droning synthesizer stuff. Alan Hume's crisp cinematography adds a glossy sheen to the infectiously inane proceedings. A complete campy riot.",1,1,0,1,"Logistic Regression wrong, others correct",,
"Written, produced and directed by Charlie Chaplin, this is the great actor's anti-Nazi propaganda piece, skewering Adolf Hitler.<br /><br />Chaplin plays Adenoid Hynckel, the dictator of Tomania, as well as a Jewish barber who is Hynckel's spitting image. His parody of Hitler is brilliant. Anyone who has ever seen newsreels of Hitler speaking will recognize the eerie resemblance of the caricature. <br /><br />I thought the movie got off to a slow start with some typical Chaplin slap-stick focussing on the First World War adventures of the Jewish barber. Having never seen it before I must confess that after the first 20 minutes or so I was wondering what all the fuss was about. But the movie picks up steam quickly. There are some very funny moments, and enough emphasis on the anti-Jewish nature of ""Hynckel-ism"" to make the propaganda point. The climax of the film is a brilliant anti-Nazi speech given by Chaplin at the end of the movie.<br /><br />As good as Chaplin is in this movie, though, I thought the whole thing was stolen by Jack Oakie, playing the dictator of ""Bacteria"" - ""Benzino Napaloni."" Our first look at Oakie shows how well he had studied his subject - he had Mussolini's arrogant posturing down pat. The scenes in which Hynckel and Napaloni negotiate over the fate of ""Osterlich"" had me in stitches.<br /><br />This was a very good movie, and well worth watching.",1,1,0,1,"Logistic Regression wrong, others correct",,
"When I heard Disney had the rights to ""Underdog"",I figured at the very least it would be a cool Pixar partnership affair,and we'd get a great Adults & Kids film like ""The Incredibles"". Alas...I forgot how Disney must dumb down classic material for today's dumbed down youth. What were they thinking? ""Underdog"" was a product of the 60's,your Prime Fanbase is in their 40's and 50's,why would you refocus it to 5 year olds? It should have been done ala ""Roger Rabbit"",half animated half real. Instead we get characters like Riff Raff ( a WOLF!! ) dumbed into another dog.""Underdog"" can't have an ""energy pill"",as we're now so ""enlightened"" it would obviously be a steroid or drugs reference.The only good casting was Patrick Warburton as ""Cad"" because he actually sorta resembles the cartoon version. Otherwise,old school ""Underdog"" fans should avoid this like the plague it is. What next? A live action version of ""The Go-Go Gophers"" disguised as a re-visionist history lesson? ( My advanced apologies if Disney jumps on this! )",0,0,1,0,"Logistic Regression wrong, others correct",,
"Robin Williams is excellent in this movie and it is a pity the material is not enough of a match for him. This may work if you buy into the ""U-S-A! Number One!"" mentality but story wise nothing much happens. Quite a shame really since the movie is really trying to say something, and says it sincerely. It just doesn't pack enough emotional punch.",0,0,1,0,"Logistic Regression wrong, others correct",,
"HBO created this show for purposes of making us see the most realistic view of prison possible and they did a hell of a job. Oz was created by the creators of Homicide who wanted to show a raw version of prison. This show is what launched the idea of every other HBO Original Program such as The Sopranos, Sex and the City, The Wire, Arliss, Deadwood, and Six Feet Under amongst others. Oz is the nickname for the Oswald State Penetentiary, a fictional prison in some US state which is never stated (Though with the accents, crime scenes, and racial distribution NY is assumed). The main prison unit looked at on the show is Emerald City, a seemingly ideal prison unit with more privlages than others thought out by a liberal unit manager named Tim McManus. Overall this show shows us what it is really like if one wishes to survive in prison.<br /><br />There are about 10 gangs shown on Oz. First we have the Muslims, a group of blacks who wish to destroy the injustices of the criminal justice system and help improve living conditions for blacks everywhere. They are led by Kareem Said a black militant minister who wishes to destroy everything racist about the judicial system. As a group they are not so much anti-white but rather anti-injustice. Our second group of blacks is the Homeboys who are essentially the street blacks who wish to keep all the bad ghetto behaviors up and run the drug trade. Their leadership varies mainly because they are always losing members due to violence. In this group, one character who is acted terrifically is Simon Adebisi. Adebisi is an African inmate who is essentially the most frighteningly evil character alive. This gang as a whole gets side help from the Irish at times and is always in conflict with the Latinos and Sicilians for drug distribution purposes. Being that Oz is mostly black, the Homeboys have the most soldiers of any gang inside.<br /><br />The Latinos and Sicilians, like the Homeboys have varying leadership due to violent deaths that occur throughout the show. The Sicilians pretty much have the most substantial say in how any illegal activity gets conducted in Oz. The Latinos make their presence known so that they can at least be coasting well if they are not in control. Unlike the Homeboys however, these gangs do not have as much internal battle for power and are usually more stable when it comes to drug usage. The Irish who are mentioned above are a smaller gang led by a manipulative and snakelike Ryan O'Reily. O'Reily always manages to stay in good graces with all the drug powers and manages to manipulate things in his way whenever he wants. They are in no illegal control but they are at least on good terms with all those who are.<br /><br />Amongst the whiter inmates, we have the Bikers and Aryans. The Bikers are merely a bunch of tattooed drug users who help the Aryans out most of the time. The Aryans are the most hated and hateful gang to most any viewer of Oz. They are led by Vern Schillinger who is amongst the most racist, sickest, and sadistic characters one will ever see. Both gangs control nothing illegal, they just merely let the darker skinned inmates see that they are a substantial threat to anyone who thinks all white inmates are soft. We also have the Others. The Others is a gang of outsider prisoners who are not necessarily a problem to any other inmate. In this group we see Tobias Beecher, a lawyer who accidentally killed a young girl whose life is forever altered by prison. We also see Augustus Hill, a black man bound to a wheelchair for killing a police officer who narrates the show and introduces the audience to every inmate. The character's crimes are shown as they are introduced and Augustus lets us know how long they will be in prison. Finally amongst gangs, there are the Christians and Gays. The Christians merely stay religious to keep from going mental and the Gays are a bunch of cross-dressers who are often raped by other inmates.<br /><br />This show gets in depth on a lot of issues dealing with the criminal justice system and is more explicit than any movie about prison. Since language is unedited, we here more racial epithets and cuss words than we would on any other TV show. Augustus Hill's commentary provides a good way for us to truly understand each and every issue involved with Oz. This show as good as it is is not at all for the light to medium hearted. It explicitly shows drug use and distribution by any means possible, prison rape, murders, fatal stabbings, and general gore than anything anyone else has seen. In my opinion it is the most influential and greatest show ever created but I can see at the same time why other people would be disturbed by this show. If you are at all interested by shows and movies about prison, Oz is a must see.",1,1,0,1,"Logistic Regression wrong, others correct",,
"First of all, let me say this film isn't for everyone. It has a very strange subject matter. A spinster living alone and living a boring life discovers a young man in a park just across the street from her townhouse. She notices him sitting out in the rain and invites him in to dry off & warm up. The man does not speak and the woman assumes he is deaf mute. Still, she is fascinated with him and sexually interested in him. He finds her odd and continues his silence although we find out later that he isn't mute at all and that he reports to his sister everything that is going on between him & the woman. I won't give away the rest of the plot. If you can find this film watch it. You cannot take your eyes off of it. What makes it so interesting? Well, it is totally unique. I've never seen anything like it and watching these two together is very uncomfortable. Especially when you find out what this bland, boring, obsessive spinster is capable of. You won't forget it soon.",1,1,0,1,"Logistic Regression wrong, others correct",,
"I agree that Mary Woronov (Murdoch's secretary) is one of the only good things about this film. She is my favorite actress ever, every role she plays is always done so well. Her character is sly, sarcastic, clever, light hearted, funny and cunning. She really pulls this role off well and you get a good feel for what her character is all about. <br /><br />The rest of the movie is pretty bad. The music is the most entertaining thing left. One of the characters has this really strange circular radio that she brings with her while she wears her tight zebra striped tank top.<br /><br />One thing that was a little intriguing about the story was the idea that someone hires these three college-aged kids to spruce up an old abandoned theater. He gives them the keys and says - go at it. That would be really fun and I wish someone would give me that chance! Imagine going into an old abandoned theater with two other people and you get to decide how to decorate it, and fix it up. You have total control over the whole building. That would be so fun! Unfortunately, the characters do not think of this as an exciting adventure, they think of it as a big chore. They walk around with long faces and fight with each other the whole time. It's kind of a bummer. But it's fun to think about the possibilities that these people aren't even excited about.<br /><br />The movie does a pretty good job at making you feel helpless or a little spooked out by the theater itself. However, the acting (besides Woronov.. and possibly Murdoch, the boss - just because makes a really good money hungry fake smiley business man who never has any luck) is really horrible and you just end up feeling unsatisfied. Plus, the random slapstick is a little tacky and kind of ruins the reality that the film tries to create.<br /><br />Watch this if you dig Mary Woronov, funky 80's Casio keyboard style electronic beats and if you think having a giant spooky abandoned theater to yourself is at all intriguing.",0,0,1,0,"Logistic Regression wrong, others correct",,
"This is a catastrophe movie set in London . Starting multiple hurricane,superstorm and tornadoes on Scotland are displaced towards East , downing England coast and later the South. After several hours of heavy rainful , the London barrier above Thames is short from running over, and it paves the way for disaster. Then a colossal tidal-wave travel relentless down East causing devastation and lives of millions of Londoners are in danger. At the center of the story is a climatologist(Tom Courtenay) a climatologist who tries to save London from the effects of giant wave , trying to convince the authorities that the town dike was unsafe, furthermore a marine engineer (Robert Carlyle) and his ex-wife Samantha(Jessalyn Gilsig) . They are trapped into the barrier and dropped to sea .Meantime the secret government agency HQ ruled by Nash(Joanne Whalley) under direct orders of deputy Minister(David Suchet) attempt to control many displaced and avoid more dead, approximately 200.000. They have a little time to save London from total catastrophe.<br /><br />Perfectly acceptable drama-disaster with alright acting. Magnificent Tom Courtenay as a climatologist who predicts catastrophe and excellent Robert Carlyle and Jessalyn Gilsig as ex-matrimony rekindling their love. The movie packs impressive flood scenes brought to life by the breathtaking computer generator special effects, better than the classic of the 70s , such as 'Earthquake, Inferno Towering' and similarly to 'Armaguedon and Day after tomorrow'. Although isn't a clear denounce, we know that the flood is caused by the greenhouse effect and global warming which originates the ozone hole. The motion picture is well directed by Tony Mitchell. I would recommend this movie to people who like disaster movies. Another adaptations about floods, are the following : 'Flood(1976)'directed by Earl Bellamy with Robert Culp and Barbara Hershey; 'Hard rain(1998)' directed by Mikael Salomon with Morgan Freeman and Christian Slater; ' Flood : a river's rampage(1979)' directed by Bruce Pittman with Richard Thomas",1,1,0,1,"Logistic Regression wrong, others correct",,
"It is a risky business to film such a lavish production of ""The Merchant of Venice"". It could be a stodgy, wooden, period piece, or it could be laughable for its excesses. This version is neither. While I am not completely sold by Al Pancino's very restrained Shylock, he does give a competent and honorable performance. Jeremy Iron's Antonio, is as always with his tortured-self roles, riveting. Some of the lesser roles seemed to be a little to much in the spirit of boisterous fun, ""a boy's own Venician adventure story"", but the central plot is efficiently and sympathetically moved forward through the film.<br /><br />It goes without saying, that the location shots, costumes, and interiors were breathtaking, almost to the point of distraction.<br /><br />One thing, on which I do not wish to comment on, is the anti-semetic content of the play. The film is as sympathetic to the predicament of the Jews as possible while still portraying Shylock as the instrument of his own self-destruction. It is a sad comment that four centuries later, the director of this film found it necessary to comment on his nuanced view before the premiere screening at the Toronto film fest.<br /><br />This is a beautiful film, and I look forward to several viewings.",1,1,0,1,"Logistic Regression wrong, others correct",,
"In an industry dominated by men and in lack of products with a female mark on it ; is it always nice to see a film shown from the woman's point of view. I would welcome more films from female writers and directors , and I think lots of other women with me.",1,1,0,1,"Logistic Regression wrong, others correct",,
"Soderbergh is a fabulous director, but nothing he could conjure could beat the amazing cast he gathered for this zenith of sequels. Clearly, he knew this from the get-go. The term ""star-vehicle"" has traditionally been used to refer to a movie that builds itself around one star. What this film does is net a whole herd of Hollywood hot shots and make them shine even brighter than before. The last scene says it all--all the stars sitting around with NOTHING happening and NOTHING being said. We just get to see them socialize as though it were a scene from a reality show where George Clooney, Catherine Zeta-Jones, Matt Damon, Brad Pitt, and Don Cheadle are just hanging out, being themselves. So the story's not important at all--at least, that's not where the films' greatest pleasures come from. If you want a clever heist movie, better stick with 11. But if star-gazing turns you on, this will make your day.",1,1,0,1,"Logistic Regression wrong, others correct",,
"An evil land baron is holding up water to a group of ranchers in order to try and take their properties for pennies on the dollar. Along comes Singin' Sandy Saunders (John Wayne), who saves the day for Gabby Hayes and his daughter by going undercover as the villain's newest gunman.<br /><br />The first of sixteen films Wayne made for Lone Star/ Monogram Pictures, this tries to cast him as a singing cowboy, only with an obviously lip-synced voice. The title card prominently features his character as ""Singin' Sandy"" leading one to believe that this was meant to be the first in a proposed series!<br /><br />Yes it's ridiculous, but also a lot of fun to see Wayne singing songs and shooting guns, especially when he does a little ditty before shooting it out with gunman Earl Dwire.<br /><br />Riders Of Destiny features a rare villainous role for for Al ""Fuzzy"" St. John, who clowns around as much with the bad guys as he did playing a heroic sidekick, riding alongside Buster Crabbe and Lash LaRue.",1,1,0,1,"Logistic Regression wrong, others correct",,
"Dreamy young Ashton Kutcher (as Tom Stansfield) wants a date with sexy blonde Tara Reid (as Lisa Taylor). Ms. Reid thinks Mr. Kutcher is gay. Kutcher works for Reid's father, an anal retentive Terence Stamp (as Jack Taylor). Kutcher agrees to ""housesit"" for the boss, believing it will get him closer to Reid. Mr. Stamp has a pet owl named ""O.J."", who becomes a toilet cokehead. <br /><br />This is a film to get your restricted to ""G-rated"" pre-teens ready for raunchier ""R-rated"" fare. It will help if they haven't seen the plot before, and especially like moronic potty humor. Remember, people get paid to act like this.<br /><br />** My Boss's Daughter (2003) David Zucker ~ Ashton Kutcher, Tara Reid, Terence Stamp",0,0,1,0,"Logistic Regression wrong, others correct",,
"Dead or Alive: Final, the movie that supposedly brings together the three films in the very loose Dead or Alive trilogy, and connected mostly by its stars, Riki Takeiuchi and Sho Aikawa and that each film has its share of bizarro-world fixtures and neuroses and heaps of violence, is admittedly the weakest of the lot. That none of the three films ends up being a disappointment is less a testament to the creativity of the material but to the pound-for-pound guts that director Takashi Miike takes with the surroundings and the material. Here he presents an overtly dystopian future, however low-key, where a homosexual mayor/dictator (Richard Chen) has the entire village drugged except for a group of rebels. There's also replicants- robots- in this year of 2346, one of them is Ryo (Aikawa), a robot of complete lethal skill but also with the capacity to love and learn and so forth. Then a cop, Takeshi (Takeiuchi) happens to be the mayor's top guard. But things start to unravel on both sides, Ryo teaming up with the rebels and Takeshi with his employer, though blood-soaked mishaps like a hostage trade-off gone bad, and with Takeshi finding out his wife and son are robots (not done in an Alien mood, mind you, just suddenly as if in a the power went out), and that he himself is one as well. And it all leads up to one last, inexplicable showdown between the two men.<br /><br />Strange that there's yet another film where Miike has peaks and valleys here, sometimes finding that middle ground of success where science fiction can have some meaning to it. But there really isn't anything to take from this story, except that the mayor/dictator is a dingbat with no back-story who gets his rocks off making sure his drug stops couples from getting pregnant and that everything remains under control. He also has along with him his love slave, I'd guess, in the hilarious non-speaking part of a saxophone player who also doubles sometimes as a human fixture when not plugging away the moody blues. Meanwhile, we get the conventional sides to Ryo and Takeshi's stories, and they're never uninteresting, just not totally convincing enough to hold interest. Of course Miike isn't above having some fun, like when Takeshi plops Michelle (Maria Chen) in to the water to get her to swim after a near-assassination attempt on the mayor, or in having the original rebel leader speaking English for no good reason at all. There's even a playful homage to old sci-fi cartoons at the start of the film. But there's nothing very compelling substance-wise, with the exception of Takeshi's minor turns at becoming ""good"" midway through the film (helping one couple get by with clearance to have a kid), and mostly Miike's strengths this time are purely stylistically and in the choice of locations and sets.<br /><br />It's like a grungy Japanese Alphaville where everything still has a contemporary feel through all of the special effects. And I really liked the yellow-green tint Miike used through the movie, as it impacted very well in outdoor scenes and added just enough grittiness in the indoor scenes. But as for peaks and valleys, one sees this ever more clearly- and the sci-fi movie channel level of visual effects, with maybe a few more dollars put into it- during the climax. This contains some of the funniest material in the most delirious, Freudian sensibility from the director, even if it has to get started by unbearable contrivance; the way that Ryo and Takeshi finally meet up is sort of random and just a means for the producers to try and cheaply tie together the past two films, when it wasn't needed. On the other hand, in terms of the sheer guilty entertainment value of a flick like Miike's where one sees something totally unexpected and very crudely sexual, it ranks right up there with the best scenes in Happiness of the Katakuris and Visitor Q. Overall, Dead or Alive: Final is a cheesy 90 minute effort that doesn't take itself TOO seriously, and is better off all the more for its wicked contrivances, militaristic decay and cultural hang-ups put on pulp-level display.",1,1,0,1,"Logistic Regression wrong, others correct",,
"I put this second version of ""The Man Who Knew Too Much"" to my Top 10 Hitchcock movies. Together with ""Frenzy"", it's probably the most argued film among the fans of Hitchcock. I consider it far better than, say, ""Rebecca"", which has gained unreasonably much appreciation.<br /><br />The film contains many ingenious scenes (most of them have been mentioned in other reviews), but that's something to be expected from Hitchcock. It takes almost half an hour until things really start to happen, but that time is used for preparing the following happenings, which are full of intriguing suspense.<br /><br />If you can ignore the clumsy rear projections, the only weakness of this film is the main villain, played by Bernard Miles, who is a rather flat and undeveloped character. Luckily, there is a creepy assassin in the form of Reggie Nalder. And Hank, the little boy, isn't as irritating as most kids in old movies.",1,1,0,1,"Logistic Regression wrong, others correct",,
"Having already seen the original ""Jack Frost"", I never thought that ""Jack Frost 2"" would be as absurd as it is. Boy was I wrong! Then again, A-PIX movies have a way of showing unbelievably bad material, even worse than you might expect. I believe this is the first A-PIX sequel, and it may be an indication of what to expect in the future: more A-PIX sequels.<br /><br />It's hard to watch this without laughing, especially during the later parts of the movie in which Jack Frost's offspring (which are essentially snowballs with eyes, arms, a mouth and sharp teeth) start killing people with the typical comedic dialogue and silly voices to go with it. They are shown both as puppets (with a stick underneath to move them) and as computer animation, which I have to say looks very cheesy. The computer animation surprised me, as the first ""Jack Frost"" had no such effects.<br /><br />I'd strongly recommend that you see the original ""Jack Frost"" before seeing this one (both of which it would be preferable to watch with a group of friends) to get the full amusement out of it, and because it would make more sense (""sense"" being a relative term).<br /><br />Now only if there was ""Uncle Sam 2""...",0,0,1,0,"Logistic Regression wrong, others correct",,
"I've expected a comedy about the NVA, but this is a parody. It shows the national army of Eastern Germany in a light that is not appropriate, and definitely not true.<br /><br />One can make a comedy about everything, as long as the underlying facts are not changed. Even a comedy about the German KZ is possible, as Roberto Benigni with ""LIFE IS BEAUTIFUL"" has shown.<br /><br />The movie NVA would be an ""OK"" comedy, because the jokes in it are overall OK. Nothing special - not hilarious, but enough to live with it.<br /><br />The point is, that the movie makes a farce and a parody about the NVA. A death machine that was ready to attack WESTERN EUROPE along with it's friend the RED ARMY. An institution that used everything to get the utmost from it's soldiers. An army that marched into the CSPR in 1968, and was ready to march also in POLAND to destroy the SOLIDARNOSC. You can't make a movie without showing the tiniest bit of evil, or would you make a parody about a KZ,Guantanamo or 9/11??? Showing Osama bin Laden as a funny screwed guy? 90 minutes about a funny Osama in a Afghan Taliban camp, where he makes jokes and is training his soldiers would be comparable to what this movie is doing about the NVA!",0,0,1,0,"Logistic Regression wrong, others correct",,
"I disagree 100% with the reviewer who disagreed 100% with the reviewer who gave this short movie an ""F"" grade. Cashing in heavily on political propaganda only obscures Joe Dante's lack of ability to pull another Howling out of his bag of tricks. The Masters of Horror series was a phenomenal collection of truly horrifying tales, save for this episode.<br /><br />Despite gaining acclaim from those who wish to promote it's political slant, ""Homecoming"" is the least effective episode of MOH season one. Unlike the rest of the series, Dante's entry is a parody of the genre, falling short of both horror and humor in it's ham-fisted delivery of a hackneyed political point.<br /><br />Dante can really only be blamed for pulling this stinker off the shelf, as it wasn't his creation. The zombie sub-genre is very popular this decade, and among the crop of predictable George Romero tributes and vacuous fantasies are a number of works designed to push political or (ir)religeous messages. Such works are not written by or intended for true horror fans. Maybe Dante really isn't a a Master of Horror, either. What has he been up to since The Howling, after all?<br /><br />If you want a lame anti-war zombie flick with a few pop culture references passed off as humor, Homecoming may be just your thing. If you are a horror fan looking for something Masterful, pick up... most any other episode of the series. My personal favorite was Dario Argento's ""Jenifer,"" based loosely on a classic comic short by the team of Bruce Jones and Berni Wrightson -- truly creepy.",0,0,1,0,"Logistic Regression wrong, others correct",,
Caught this recently after noticing James Earl Jones name on the title. It was better than I expected. Of course it's pretty old - made during the early/mid 70's but it actually is a decent drama. It runs a quick 90min or so and showcases good performances from James Earl Jones and Diahann Caroll. The plot is conventional in general but told through the perspective of a single black woman on welfare who has 6 children and trying to deal with all the problems that persist. This makes for an interesting view.....also in the fact that the script wasn't too sentimental or overdramatized - it's almost like looking at a slice of the past. All the 70's styles are out in abundance. The ending is kind of kooky though....probably would've done better without the theatrics.,1,1,0,1,"Logistic Regression wrong, others correct",,
"Simply delightful claymation feature from Nick Park and company spoofing such film-greats as ""King Kong"" and ""The Wolf Man"" has Wallace and Gromit as rabbit security finding it difficult to solve a major problem in their village..a giant were-rabbit is feasting lavishly on the vegetable crops of the citizens! What makes this even worse is that the great vegetable festival is about to commence and the citizens have all prepared dutifully to win the top of prize. What makes the situation even worse is Wallace is the reason behind the whole vegetable-eating rampage..he was testing out a new invention regarding taking his brain waves in an attempt to brain wash captured rabbits into disliking vegetable crops. What occurs is catastrophic as some sort of hybrid were-rabbit is created in the process..and it has more to do with Wallace than he could ever imagine. It'll be up to his loyal(..and startlingly intelligent)and fast-thinking dog Gromit to save the day.<br /><br />This is a clever and imaginative effort from the crew behind other Oscar winning claymation features starring Wallace and Gromit. Seeing good ole-fashioned claymation is refreshing considering the CGI boom that has featured rather lackluster fare here recently as the industry spits out more and more mediocre product. Here, we get a full feature with witty humor and some wild stunts featuring marvelous animation, not to mention gut-busting sight gags.",1,1,0,1,"Logistic Regression wrong, others correct",,
"""A Fare to Remember"" is a totally derivative, almost ridiculous movie, but has a warmth about it that makes it a very effective and upbeat holiday movie. It stars a pretty newcomer, Challen Kates, as a high-powered ad executive who, right before her wedding, has to rush from L.A. to Seattle to keep a client who has rejected every other presentation. She has transportation difficulties from the beginning and seemingly no money. This is the first dumb thing - were there no ATMs anywhere? She must make a fortune. At any rate, she meets a cab driver (Warner) who looks like a homeless man, and he drives her to her presentation and when she emerges with a huge box of beef jerky (the client's product), he's there to take her to the airport. All flights are canceled, so in order to get to L.A. for her wedding, she hires him to take her there.<br /><br />Along the way, they bond and learn from each other. It's a very sweet movie though there is absolutely nothing new in it - it combines ""Six Days and Seven Nights"" and a few other films. But the chemistry between the stars is good, they're likable, and the acting is good. Look for Jerry Springer as the head of the beef jerky company and a cameo by Karl Malden.<br /><br />This is a nice film to take in over the holiday season. It's on Lifetime.",1,1,0,1,"Logistic Regression wrong, others correct",,
"Yes! this movie was just bad in every way in things like cast,effects,boredom,excitement,and of course,being fantastic and we all know the four heroes in this one were a bit more colourful compared to the new ones but it still has to go,A fantastic bore like this really was just silly trash which i knew nobody would like when i saw it,i mean surely with that budget about 3 or 4 GOOD movies could have been made but no. I am just glad that the new version made this year totally showed everyone how the fantastic four should have been made with good story,great cast like Jessica Alba one of my favourite actresses otherwise it would have been totally forgotten but thankfully no. The new one was excellent when i saw it with my mates at the cinema but this old fantastic bore has gotta go.",0,0,1,0,"Logistic Regression wrong, others correct",,
"It is amazing what you can see if you wake at 2 am and turn on the telly. I didn't know they showed films like this. I immediately thought of Roger Corman, who reused locations for movies or used other films locations for his own movies.<br /><br />The makes of this film could just move the camera angles and add some time and they would have an XXX film.<br /><br />There was no story, just minimum dialog that led to stripping and sex. I bet there wasn't 100 words in the whole film, but there sure was a lot of very large busts and hot lesbian action. There was male/female action too, but it was only about 25% of the movie.<br /><br />Another interesting thing came to mind in watching this film that may interest those who are buying hi def DVDs. Sony refused to license Betamax to adult film makers and adult films came out on VHS. You can guess what happened to beta max as the adult film industry makes millions of videos. Sony has again refused to license Blu-ray to the adult film industry and they have just signed a deal with Toshiba. You can guess which high def system will disappear.",0,0,1,0,"Logistic Regression wrong, others correct",,
This movie turned out to be better than I had expected it to be. Some parts were pretty funny. It was nice to have a movie with a new plot.,1,1,0,1,"Logistic Regression wrong, others correct",,
"The great James Cagney, top-billed in big letters, doesn't show up till the movie's second third, and probably has less screen time than Dudley Digges, who plays the eee-vill reform-school potentate. But when Jimmy arrives, as a deputy commissioner of something-or-other out to reform reform schools, he slashes the air with his hands and jumps on the balls of his feet and spits out punchy Warners-First National dialogue with all the customary, and expected, panache. The psychology in this crisp antique, one of Warners' many efforts to assert its place as the ""socially conscious"" studio, doesn't run deep: Digges is bad just because the script requires him to be, and there's the quaint notion that juvenile delinquents will turn into swell kids if they're just given a dash of autonomy. But it's made in that spare, fast style that the studio specialized in, and it never bores. Frankie Darro, who got into all kinds of onscreen trouble during a brief tenure as Warners' favorite Rotten Street Kid, is an ideal JD -- a handsome, charismatic toughie with a pug nose and a hate-filled stare that could wither steel. No kid actor today can touch him.",1,1,0,1,"Logistic Regression wrong, others correct",,
"Sex Lives of the Potato Men is about the sex lives of several men involved in delivering potatoes. So there are no surprises there. It is, in fact, pretty much what you might expect from the title: that is, it's a quirky comedy involving sex and potato men. At times the film works. It's an edgy, sometimes uncomfortable comedy about the lives of some rather unimportant and rather average men who are having problems of various sorts with women. Where the film clearly does not work, and why it failed at the box office, is that the quirky, uncomfortable parts are perhaps just a shade too quirky and uncomfortable. Instead of laughing during the scene of a man suspended from a basement ceiling masturbating over another man while he makes love to his wife, I think most of us just kind of groan awkwardly and wonder what Andy Humphries was thinking. Well, perhaps we are shown what he was thinking all too clearly.",0,0,1,0,"Logistic Regression wrong, others correct",,
"I thought this series was going to be another fun, action series with some dynamic plots and great performances. I was wrong. While I like Jamie Denton, this show is hardly worth watching at all, unless you enjoy watching some people brutalized and the actions of the agents supposedly warranted under the theme of ""national security."" The show is great propaganda for the current government, and spews out jingoism as though we talk that way every day. After a couple of episodes, it was boring the hell out of me, and I started watching reruns of House Invaders on BBCAmerica instead. Rather watch CSI and Without a Trace, without a doubt.",0,0,1,0,"Logistic Regression wrong, others correct",,
"Why do people need to follow the opinion of the herds of masses and critics? RANDOM HEARTS, directed by the brilliant Sydney Pollack (who has a small role in the film too) is another Harrison Ford vehicle. As such, it is quite good and entertaining. Surely, anyone who goes to see it has this in mind, or read the book which is no better. Even Kristin Scott Thomas fans, myself included, knew it would be a variation of her again playing the love interest of her eldest uncle. Even as such, the film is satisfying. What's so bad about this movie that is much better in the other (much higher rated) Harrison Ford vehicles? This film is no masterpiece, but it's not as bad as the masses would have the potential viewer believe.",1,1,0,1,"Logistic Regression wrong, others correct",,
"I have seen most of the Tarzan episodes. Certainly the rated X with O'Keeffe & Bo Derek, which is totally deplorable.<br /><br />I have seen this version several times since it was originally shown.<br /><br />All the cast had memorable parts, great acting the Ape sequences.<br /><br />Last night I viewed same on Spanish station and other than some French dialog all in Spanish.<br /><br />As far as Hudson not wanting Andie's voice he did nothing until the very end. He viewed the dailies and could have hired a dialog coach.<br /><br />It seems silly that a story about apes and a man raised by them all speaking gibberish that Hudson attacked Andie.The story line in the movie was that she was an American cousin. The last time I checked Carolina was in the USA.<br /><br />She was beautiful in movie and her eyes, and gorgeous hair, alabaster skin mystified all us males. She did not have to resort to Bo's level.<br /><br />She has remained a LADY throughout the rest of her career and should look at this movie (half her life ago),as a starting point. Her performance, sincerity, made this movie enjoyable, believable that a half wild man could ascertain her inner beauty.<br /><br />Great sending point for Sir Richardson, he did steal the movie.",1,0,1,0,Only Logistic Regression correct,,
"I have never before seen a movie quite like this, nor as funny. I laughed my goddamned ass off and have watched it repetitively. Infact I am watching it now. Chad from CKY is hot too. Anyway if you never liked it, blow it out your ass, you have no taste. The movie involves Ry (Ryan Dunn) having just broke up with his girlfriend turning to Valo (Bam Margera) and Falcone (Brandon DiCamillo) for help in finding out exactly what she done with ""Hellboy"" (Rake Yohn), and with the help of Raab (Chris Raab/Raab Himself) they do just that.<br /><br />The fender bender scene and the scene with Cactus at Record Bin were hilarious.",1,0,1,0,Only Logistic Regression correct,,
"The story of Macbeth was one of the most successful Shakespeare ever wrote. This may be due to some features that place it close to the slasher genre, murder, murder, kill, kill, gallons of blood, a tense sexual relation between the main characters etc. More than this, the original play is very appealing taking into consideration the length (it's only half the size of Hamlet) and the focus on Macbeth for whom we are constrained to care in spite of his bloody nature. The play would seem ideal to base a movie on. Not so lengthy it gives the directors the possibility to explore it's many levels, a good actor can play the role of his lifetime, the film has deep meaning in any historical period. Unfortunately this has not been the case with Macbeth. Polanski's version comes quite close but it insists too much on the medieval period. Welles' film is too personal, with an interesting twist towards totalitarianism, the 1990 or so TV version is too shallow. This 2006 movie is no exception. It is very far from a Shakespeare film, but it is interesting to see how the director understood the story and where he places it in contemporary life. No knights in shiny armor but gangsters in shiny cars. A lot of drugs and trippy music replace the dread of night in the original play. The idea of Macbeth is so simple that to take and implant it in modern day life doesn't need Shakespeare at all. The worst part in the film are the lines. Most of the poignant scenes of the play, such as the dagger scene are trimmed so much they seem pointless. Replacing the knocks in the door with doorbells and horses with cars seems funny. If they wanted to make a movie about power and its temptation they could have done it easily without Shakespeare. This Macbeth seems to be a looser with a brain injury not a valiant warrior, brave and ambitious that wants power so much he is prepared to to kill and who gets caught up in a net of fears and despair. The movie doesn't make clear what drives Lady Macbeth to madness, it doesn't give a reason why some of the characters should fear Macbeth and his ""terror"" (since there is no hereditary ascension to the throne, what with no throne and all) and it places Macbeth in an awkward position, since the leadership of a gang is as far from kingship as this whole movie is far from any Shakespeare. In conclusion, we have two superimposed ideas that never quite meet making this a film that's ultimately pointless.... Stand not upon the order of your going but go!",0,1,0,1,Only Logistic Regression correct,,
"This is a bizarre oddity, directed by the guy who edited ""The Texas Chainsaw Massacre."" Chuck Conners gives a hilariously over-the-top performance as the owner of a roadside ""wax"" museum which our doomed teenagers happen to break down near. The wax figures look ""so real,"" one of the teen's points out. Heh, heh, heh...Not so much a slasher film as a weird mix of psychological horror and old fashioned ""House of Wax""-style terror. I can think of many, many horror films that are worse than this one.",1,0,1,0,Only Logistic Regression correct,,
"A Chicago couple, Dillon and Dougherty, are falsely accused of killing their daughter. People begin to wonder if they did it. The police investigate and find suspicious evidence. The couple are maligned by the public and accused in the press. The cops speculate that they are Satanists and have ritually murdered their own daughter. They are charged and brought to trial. They are represented by publicity-seeking lawyers who give them bad advice and bill them for $100,000. The evidence presented against them is twisted or hidden by the police. Fabricated intimations of sexual abuse are presented. Their other child is taken away from them and put in a foster home. Dougherty is pregnant and gives birth to find her baby removed. Verdict, she didn't do it but he did. He goes to the slams with a sentence of 45 years.<br /><br />In the last third of the movie, with Dillon in jail and Dougherty wondering what to do next, we see people who have been antagonistic now slowly coming to the couple's defense. Witnesses admit to having lied. Other facts are brought to light that, finally, result in Dillon's release. The killer is never found, though the movie gives us a thorough whacko as a plausible perp.<br /><br />This is a weeper from beginning to end. Nothing seems to go right for the couple. Oh, there are a few happy moment, maybe a party where everyone is glad to be together and tearing up with joy, or some point of evidence in their favor is discovered and people hug one another. But it's never long before someone rushes through the door with more bad news and all the faces are frozen in tragic disbelief. (Usually a fade to block follows.) There isn't necessarily anything wrong with moving tragedies, although I can't imagine what pleasure we get out of seeing people suffer. There's plenty of tragedy in Shakespeare too. I suppose whatever we find interesting about tragic stories lies in the way they're told. ""Oh, but I am Fortune's fool!"" Romeo cries after killing Juliet's brother. Here we have Dougherty running in her robe through a hospital corridor, screaming, ""Where's my baby???"" There isn't any ambiguity or irony in the story -- as I'm sure there must have been in the real life events on which it's based. People are either good or bad here. Or else they're bad, then they turn good.<br /><br />The film isn't aimed at exploring human quirkiness, or the way things work out. It's aimed at wrenching tears from the audience. The actors provide first-rate role models. I can't remember the last movie in which I saw so many tears. There are rivulets of tears. Showers of them. Cascades of them. A veritable Niagara of them. A Lake Lacrymose of them.<br /><br />Well, I'll give one example of the efficiency with which the movie is crafted. Dillon and Dougherty hire a Chicago cop who works on the side as a private investigator (Ed Asner). Asner is sympathetic to them but he doesn't really accomplish much. He seems to be in the movie not because of his importance to the case but because he can provide the victimized couple with a kind of philosophy -- ""Learn to live with it,"" which is okay -- and because he suffers from colorectal cancer, so we can watch him take his medicine, double over with pain, and finally pass away.<br /><br />What's frustrating about the movie is that in focusing so intensely on the suffering of the couple, it sidesteps one of the more important issues that it raises -- the function of gossip in regulating private lives.<br /><br />Gossip is a strange thing really. If we call it ""gossip"" it's bad, but if we call it ""public opinion"" it sounds acceptable, at the very least. Of course we all have convictions about issues that may or may not be justified. (As I write, Michael Jackson is once again being brought to court accused of molesting a young boy, and I wonder how many of us thrilled at the news and immediately assumed he was a pedophile.) But gossip isn't all bad either. It's like water. When it's properly controlled it's a community asset. We need gossip to keep each other in line. It helps us to maintain public order. But, like water in a flood or a tsunami, it is ruinous to a village when it rages out of control.<br /><br />This is a movie that's okay if you're not looking for too much in the way of insight into human nature. It's done so cleverly that, given its goal, it's hard to argue with it.",0,1,0,1,Only Logistic Regression correct,,
"The best thing about this movie for me was that Bryan Dick played Rafe and made me -melt-. Rafe and all his gorgeousness made the movie worth sitting through, even though I itched to get up and scream. I have never seen a hotter man. <br /><br />-ahem- But that's not the point.<br /><br />The title? That is indeed what it is. They took the beautiful story written by Annette Curtis Klause and threw it out. I will, in all my anal-retentive glory, point out what was missing, what has changed, and all else wrong with the movie.<br /><br />Sit tight and here goes:<br /><br />-Apparently, RAFE is son of ASTRID and GABRIEL, and apparently, ULF is no longer ASTRID'S child, like in the book. AND, as I recall from the book, RAFE and ASTRID were LOVERS.<br /><br />-ASTRID is apparently BLOND, as opposed to the notably RED HAIR described in the book. I believe the book said that she looked more like a FOX than a WOLF. And the movie also shows that ASTRID is VIVIAN'S aunt.<br /><br />-WHERE DID AXEL GO? <br /><br />-VIVIAN is 19. In the book she was 16. <br /><br />-VIVIAN and AIDEN meet IN HIGH SCHOOL which they both attend in the book. VIVIAN goes to see AIDEN because of his poem 'Wolf Change'. But, according to the movie, AIDEN beat up his dad, escaped, and now lives in Romania, and draws Graphic Novels. This made me go 'What the F**K.' <br /><br />-There is no 'Kelly' in the movie. WHERE WAS THE KELLY IN THE MOVIE. The KELLY in the book, however, hated VIVIAN. And she also dated AIDEN after they broke up. Vivian even gets tipsy in the book and trashed her room.<br /><br />-GABRIEL bears a striking resemblance to a Columbian Drug Lord in the movie. And he sort of sounds like one too. His acting was very good, but his appearance threw me off.<br /><br />-VIVIAN had NO parents in the movie. Her father and mother and 2 other siblings died in the movie. Yet in the book, when she comes home one night, her MOTHER, ESME is sitting on the couch, after fighting with ASTRID over GABRIEL. And VIVIAN has no siblings. Only her father died in the book.<br /><br />-AIDEN accepts VIVAN for what she is. This REALLY got me. He kills RAFE in the creepy church, confronts VIVIAN, and she saves him from the others wolves, except AIDEN shoots her, so they saunter off to find medicine, and then they try to leave the city together. WTF?! In the book, AIDEN freaks out when she turns into a wolf, and cries like a chick, throws stuff at her, and so she panics, and jumps out the window. Then he makes up a story that he tried to break up with her, and she threw a chair out of the window. That doesn't sound accepting to me.<br /><br />-AIDEN wants her to runaway with him. In the book, he wants nothing to do with VIVAN after she turns for him. Nor does he lovingly hold her face and say she can control it. He cries like a woman because he is SCARED of her. <br /><br />And the final indignation...the one that nearly gave my three best friends and I HEART ATTACKS IN OUR SEATS:<br /><br />-In the movie, AIDEN and VIVIAN run away together, and VIVAN has killed GABRIEL. As in she SHOOTS him. GABRIEL dies. In the *BOOK* not only does VIVIAN not kill GABRIEL, I do believe they END UP TOGETHER. As in, she doesn't end up with AIDEN, she ends up with GABRIEL. WHAT THE HELL.<br /><br />Small things were noticed too: Ulf's red hair which he gets from Astrid has been changed to brown in the movie, and Vivian works at a chocolate shop. <br /><br />A horrible shock; I am ashamed. The book really wasn't hard to follow. If Disney can use a random H!School, why couldn't the directer have found a random H!School? <br /><br />*sigh* I was really looking forward to this movie, I loved the book, it's sad that it didn't follow it one bit. I give it a 2, only because (as the top of this review states) Rafe (played by Bryan Dick) was dead sexy, and Agnes Bruckner did a wonderful job. AND, they kept the poem from Steppenwolf <br /><br />With love,<br /><br />Caitlin",0,1,0,1,Only Logistic Regression correct,,
"From the late teens to the 1920s, Stan Laurel was a solo act in films. During this time period, Laurel was definitely NOT among the upper echelons of talent and his humor isn't nearly as good as contemporaries such as Lloyd or Keaton. However, for second-tier short comedies, he did create a decent niche. As far as the quality of the films go, they varied wildly. Some, such as DR. PYCKLE AND MR. PRYDE, were terrific, whereas most were of average to below average in quality.<br /><br />FROZEN HEARTS is an odd film. Like many of the films he made for Hal Roach and distributed by Pathé during this period, the costumes were absolutely first-rate and the film looked very nice. However, despite this and having support from the likes of James Finlayson, one thing they forgot to include in this film was humor. None of the jokes seem to work and the film looks almost like a drama, not a comedy. Only the really silly intertitle cards betray the type film it's supposed to be.<br /><br />My advice is try to see all his Laurel and Hardy films and then see the solo films. In addition to DR. PYCKLE, try seeing THE SOILERS and MUD AND SAND--two of his more tolerable solo shorts.",0,1,0,1,Only Logistic Regression correct,,
"I love the premise, but it's replay value is only for certain parts(the opening scene of course). Some characters are a bit outrageous, but they are entertaining none the less. I think the Ballping sh-t was pushing it. I know it was to show that Nick and Casey were living foul out in LA and to show why Casey quit the lifestyle, I just think that the flashback's story could have been better. Also the Jamaican guy rapping on the phone is clever and entertaining, but once again I think the story was told sloppy. It really seems unbelievable. I actually believe Swordfish (the other movie Woods has written) more than some of the parts in Thursday because the government keeps sh-t a secret all the time, and has organizations set up that the public will never know about.<br /><br />Thursday is the best Quentinesque movie I've seen. I think Woods is imaginative,clever and has witt; however, his work needs more maturation to even to get to the Natural Born Killer script (not Stone's movie) level. How old is he anyway?",1,0,1,0,Only Logistic Regression correct,,
"This was my first Gaspar Noe movie I've watched and I have to say I was shocked. I don't mind gore in generally, but this isn't even gore , it's real butchering. For some of you a couple of scenes may be impossible to see and I mean really disgusting. Leaving aside these aspects, the main ideas revealed here and the dialog are quite brilliant. When you are given a strong argument against bringing a new life into the world and the manner in which it is given, you can't stop and take a minute to think about it. The actors did their job well, representing general masks of a handpick few people found at the bottom of a diseased society. The movie is full of metaphors, but I'll let you figure them out. Don't watch it if you want to have a lite, relaxing time. I recommend this movie to all those of you who want something to think about or simply watch something different of what you find in your average cinema.",1,0,1,0,Only Logistic Regression correct,,
"The only reason this movie is not given a 1 (awful) vote is that the acting of both Ida Lupino and Robert Ryan is superb. Ida Lupino who is lovely, as usual, becomes increasingly distraught as she tries various means to rid herself of a madman. Robert Ryan is terrifying as the menacing stranger whose character, guided only by his disturbed mind, changes from one minute to the next. Seemingly simple and docile, suddenly he becomes clever and threatening. Ms. Lupino's character was in more danger from that house she lived in and her own stupidity than by anyone who came along. She could not manage to get out of her of her own house: windows didn't open, both front and back doors locked and unlocked from the inside with a key. You could not have designed a worse fire-trap if you tried. She did not take the precaution of having even one extra key. Nor could she figure out how to summon help from nearby neighbors or get out of her own basement while she was locked in and out of sight of her captor. I don't know what war her husband was killed in, but if it was World War II, the furnishings in her house, the styles of the clothes, especially the children and the telephone company repairman's car are clearly anachronistic. I recommend watching this movie just to see what oddities you can find.",0,1,0,1,Only Logistic Regression correct,,
"Sad to say this is one of the sillier of John Wayne's series of poverty row westerns for Lone Star Productions. Here he is a United States Marshal on the trail of a bandit known only, I kid you not, as the Shadow.<br /><br />No it's not Lamont Cranston, it's some dude who gives his orders through an open wall safe so his men don't see who he is. But the voice is unmistakable, you'll know within 10 minutes of the film. <br /><br />And another reviewer here is quite wrong, no squeals or groans from the audience would have occurred because Gabby Hayes was still playing a variety of roles and he's clean shaven here. He had not yet found his niche as the lovable oldtimer sidekick of various movie cowboy heroes like the Duke.<br /><br />Later on he does lead his men quite openly in the climax so I'm not sure what the point of the original gimmick with the wall safe was. I don't think those that wrote this one knew either.<br /><br />Wayne gets Yakima Canutt as an Indian sidekick here and the relationship is just about the same as an unmasked Lone Ranger and Tonto.<br /><br />It's all pretty silly if you ask me.",0,1,0,1,Only Logistic Regression correct,,
"Barricade finds Alice Faye without any songs as a refugee trying to flee China and without passport. She's in a heap of trouble, I won't say what exactly, and even American extraterritoriality won't help her out.<br /><br />I mention that because one of the grievances that the Chinese including the bandits who attack the American mission in this story set deep in the Chinese interior was that particular institution whereby American citizens who committed crimes were tried by American courts set up by our consulates. We were far from the only country doing that however.<br /><br />Anyway the story opens with her on a train for Shanghai trying to use a hokey Russian accent. The accent intrigues Warner Baxter who's pretty plastered.<br /><br />Bandits however interrupt the journey and the two of them seek refuge in the American consulate presided over by Charles Winninger. He's the best one in the film and I only wish that a better story was given because I liked his character. He's a widower and a proud member of the consular service, appointed in 1900 by William McKinley. He requested a transfer ten years later and that's the last he was heard from. As Assistant Secretary of State Jonathan Hale aptly put it, he's the real forgotten man.<br /><br />Baxter does all right in a role that someone like Clark Gable would have done in his sleep at MGM. The heroics would have come more natural to Gable than to Baxter as the mission is barricaded and defended against the bandits.<br /><br />Alice Faye did have one number to sing. Why Alice's song was cut out, God and Zanuck only know. One thing I'm still trying to figure out is when the mission inhabitants take final refuge in the cellar with a trap door, just who was left upstairs to pull the rug over the cellar door? <br /><br />Barricade had the potential to be a lot better than it was. But sloppy editing and lost faith in the project made 20th Century Fox release a project unfulfilled. Watching Barricade is like eating a badly cooked meal.",0,1,0,1,Only Logistic Regression correct,,
"""Solomon and Sheba"" was the kind of film that you just had to go and see back in the late 50's when I was a kid: a biblical epic spectacular with well known performers, unusual costumes, lots of extras and battle sequences. So I went to see it; but I remember that back then ""Solomon and Sheba"" didn't impress me at all, which was a strange thing since I had enjoyed a lot ""The Ten Commandments"", ""Quo Vadis"", ""Helen of Troy"" and others. The point is that when you are a kid you disregard things in pictures that adults don't (bad acting, for instance) and you are easier to please with warriors in their armors, battles, sword duels and action, so if your'e not impressed then something is wrong with a product of this genre. <br /><br />This film, though it has some of such features, is definitely standard and average. Yul Brynner's wooden performance as the Hebrew king doesn't even light when he has voluptuous and half naked Gina Lollobrigida dancing around him provocatively. She is better and renders an acceptable acting. George Sanders doesn't look interested in what he is doing, and Marisa Pavan (Pier Angeli's twin sister) doesn't add at all as a sort of Brynner's conscience.<br /><br />The final sword duel between Brynner and Sanders is just for the plot and lacks interest and intensity (it had to filmed, that's all).<br /><br />Not a good farewell for director King Vidor, Solomon and Sheba will probably be remembered as Ty Power's last unfinished picture.",0,1,0,1,Only Logistic Regression correct,,
"One of the many silent comedies Stan Laurel featured in before he teamed with Oliver Hardy, 'Mud and Sand' is a ho-hum hokum. The story is badly disjointed - though this could be because of the modern-day edit - and the humor itself is not at all inventive.<br /><br />Potential plotlines are started and ignored; for instance, Stan's promise to make Fillet de Sole pay for what she's done to him never comes to fruition. Stan's character doesn't seem very centered, either, but this is a common criticism of his work before he developed 'Stanley' of Laurel & Hardy fame, so it might be that I was just expecting to see this shortcoming.<br /><br />I strongly believe that all the silent films should be preserved and viewed, and I'm glad this one is still available. It's just not a great film.",0,1,0,1,Only Logistic Regression correct,,
"The movie doesn't take itself seriously, and if you follow its lead you're going to have a lot of fun (as long as you don't mind your murders served up really bloody, and your horror topped with extra cheese)!<br /><br />This film winks an eye at every horror fan, and then gives them the finger. It knows it sucks, and because of that, it's far and away the best of the ""Child's Play"" series. <br /><br />It plays up the ""stoopid humor"" angle so well, you find yourself doing more than just laughing AT it, but WITH it. And, trust me, the whole time you're laughing, it's laughing back atcha.<br /><br />",1,0,1,0,Only Logistic Regression correct,,
"Friday Night With Jonathan Ross must have those in charge of Ross rubbing their sweaty little palms together. They know the BBC lacks imagination when it comes to talk shows so when they have Jonathan Ross at their disposal they are quite settled to just sit back and let a half wit command this primetime slot.<br /><br />Ross Spends most of the show grooming his ego and smiling about how much the BBC is paying him. The show is a complete copy of many US Chat Shows - Leno, Letterman, Conan O Brian, the list goes on - but he and his team have clearly seen what works on the masses can also be done for the dumb masses in the UK also.<br /><br />The unfortunate situation - he has no competition? Parkinson has gone by the reality is he was never really up to much except grooming a celebs ego. Can't we have someone funnier and slicker on British Screens instead of Jonathan Ross? Once Ross has built up his ego enough he will then proceed to the very boring concept of the stiff celebrities in the green room - so trying to get on with each other. If an A-Lister is present (which is so often the case these days - as there are no other chat shows they can turn to - to promote their latest movie) - he will spend the next hour either flirting with them or trying to be their best friend in the Universe. Sqeamish when he had Ringo Starr on - a man that cares nothing for licking arse - Ross genuinely was begging for his mobile phone number (as common policy on this show is for Jonathan Ross to get everyones number so he can be seen in the right company when not working). Of course Ringo said it how it is - and simply said no I don't like you - dead pan serious.<br /><br />Ross needs to be axed from all Awards and TV shows - the masses will get over it.",0,1,0,1,Only Logistic Regression correct,,
"I have read the other user comments and I am happy someone has compared it to the original by Kamal called Perumarzhakalam released in 2004.<br /><br />The original had a tight story and no loopholes as described above about the Indian Govt not having proper records, or even bad shoots and bloopers.<br /><br />The story is great and a touchy one and well described by others. But sadly Nagesh taking credit for it as his own story is a sad thing and amounts to nothing other than plagiarism.<br /><br />I guess he has been affected by Bollywood's so called ""inspired"" syndrome.<br /><br />He must at least give credit where it is due.<br /><br />I liked some of his older movies, but now I suspect if any of them were originals after all.<br /><br />Here is a link in IMDb for the original masterpiece. http://www.imdb.com/title/tt0425350/#comment I recommend everyone to see the original, even with subtitles if needed, to know what class direction and class acting is all about.",0,1,0,1,Only Logistic Regression correct,,
"This isn't the video nasty Night of the Demon as there are more than one. Actually, there is only one, but it multiplies.<br /><br />After it inhabits Suzanne (Scream Queen Linnea Quigley), she passes it on to goth girl Angela (Amelia Kinkade) through a nice long kiss.<br /><br />Next, we see Linnea showing us her quigleys in the bathroom. She shows a lot more as Jay (Lance Fenton) thinks he is in for some fun.<br /><br />Soon, everything literally goes to hell as bodies drop one by one and are possessed. Judy (Cathy Podewell) and Max (Philip Tanzini) are the last two trying to escape. Max isn't much help, leaving it to Judy to figure a way out.<br /><br />The makeup was absolutely fantastic, and the only thing that kept this from being even better was the extremely long build up to the action.<br /><br />The old man (Harold Ayer) who appears in the beginning will be back and get his just desserts.<br /><br />Linnea Quigley may be the Scream Queen, but Cathy Podewell definitely showed the greatest lungs in this film.",1,0,1,0,Only Logistic Regression correct,,
"THE GOOD: The acting were great especially Terrence Howard and Thandie Newton. Terrence Howard should have been nominated for Best Supporting Actor instead of Matt Dillon.<br /><br />THE BAD: I'm a visible minority (non-white) and I have experienced some form of racism in my life. BUT despite my life experiences and the movie's subject matter, I would definitely NOT say that this movie is the best of the year, in fact, it's FAR from it. I have problems with this movie both from a moviegoer's perspective and from a visible minority's perspective. Some of my problems with this movie are:<br /><br />(1) Poor character development (or none at all). Just because we saw extremes in a character, for example, Matt Dillon being a racist cop and being a good caregiver to his ailing father, that does not mean in any way that the character is well-developed. Yes, I admit that in a big cast ensemble like in this movie, it is quite difficult for every character to be well-developed, BUT that does not mean that at none of the characters should be like that.<br /><br />(2) The dialogue seems really contrived to the point that I'm really surprised this movie won for Best Original Screenplay. They should show this movie in a screenplay writing class NOT because it's good but to show students and future screenplay writers what NOT to do. I just felt like I've been hit by the head over and over again how bad racism is. I get it.<br /><br />(3) The plot seems so coincidental, it is laughable. What are the chances of a black car robber running over an Asian guy who also happens to be a human trafficker while entering his van, and that same black car robber ended up carjacking that Asian guy's van several hours later after he brought him the hospital, only to find out that the several Asians being trafficked inside the van just to show you that the black car robber has a good side after all? Or, what about that scene where a prejudiced upper-class white woman who fell down the stairs and all her prejudice and hatred vanished into thin air? If it was THAT simple, why don't we throw every racist in America down the stairs so they will have a change of heart?<br /><br />(4) I think my biggest misgivings about this movie is the unrealistic view of racism. As someone who has experienced racism in my life, the realistic view of racism is that it is hidden rather than in your face. I've been refused to enter a supermarket because I'm not white. Did the store owner said because I was not white? No, he said the store was closing even though there were a lot of people shopping inside. Did he yell racial slurs? No. Racism in America is more hidden. Some cab drivers probably won't stop to pick you up because you're non-white but that does not mean that they will try to run you over or get out and say racial slurs. If a Chinese woman rear-ended me, I won't be saying ""blake! blake! Learn some English bitch!"". On the other hand, if I was a Chinese woman and I accidentally rear-ended a Mexican woman, I won't say ""Mexicans are bad drivers"" in front of her face. That's not how things work. Instead, I would give out my insurance info, say sorry, and go home and tell my fellow Chinese friends and family that Mexicans are poor drivers and make fun of them behind their backs. That is the real racism. It's hidden and not in your face.<br /><br />Anyway, Crash is not original unlike what some people may say. The interlocking and interweaving story lines, plots, and characters have been done before. ""Magnolia"" is a movie that does this much better than Crash did and yet, it was never nominated for Best Picture at the Oscars. It had a stellar cast -- Julianne Moore, William H. Macy, Phillip Seymour Hoffman (who won best Actor recently), Tom Cruise, etc. It really boggles my mind how Crash was even nominated for Best Picture.",0,1,0,1,Only Logistic Regression correct,,
"This was one of the few shows that my wife and I agreed on watching. I was upset to hear that it was canceled, especially because I didn't realize the ratings were so poor. As far as I knew it was doing very well with a lot of viewers. Almost all my friends and most of the people I spoke to watched the show. Now we are stuck watching either crappy shows or DVD's. How bad was the show doing? does anyone know the real results of the shows viewings? I know that when it went to Thursdays, it was more difficult for me to catch. Thank G*d for DVR's! <br /><br />Anyways, this was a real surprise to know that there will be no more ""The War At Home"". If any other networks see this, PLEASE PICK UP THE SHOW!!!! PLEASE!",1,0,1,0,Only Logistic Regression correct,,
"Having finally caught up with this ""masterpiece,"" it strikes me that it must have seemed terribly clever, in its day. It's French, arty, under-played to the point of agony, and ultimately downbeat. But viewed from the vantage of 37 years in the future, it's also just a bit vacuous, pretentious and unsatisfying.<br /><br />Others have summarized the story, but I don't think anyone has pointed out the dramatic flaw at the heart of this film: the lead characters, Corey and Vogel, really don't deserve what they get. They play square within their code, never harm anyone who didn't ask for it, and show great courage and initiative. Moreover, Corey in particular is victimized by his former gangland 'friend,' who stole his girl and who repeatedly tries to have him killed, apparently just because he (Corey) dared to 'borrow' a few thousand francs. These are guys who really ought to be due for a break! Instead, things go far worse for them than they really need to, within the logic of the story.<br /><br />One might contend that this is the whole point: that the real villains never get caught; that they collude with the police as needed, sell out their friends, and always come out on top. But that's not shown either. Corey's old gangster friend is not shown colluding with the police. Nor is he shown gloating over his victory. In fact, after materializing several times when he's needed, he's nowhere to be seen at the conclusion, leaving a dramatic tension (his feud with Corey) entirely unresolved!<br /><br />Nonetheless, I'd say this film is well worth seeing for its beautiful photography, its slow, deliberate pacing, its great deadpan performances, its elaborate heist sequence, and its encapsulation of the art-film style of the late 1960s.",1,0,1,0,Only Logistic Regression correct,,
I would just like to say that The Cure was a fabulious movie to help inform how people who are HIV positive have to function in life. Expecially a young boy who cant go to school because he could contaminate someone. and the ignorance of the boys who called them FAGGOTS. that just shows how much children are not educated about aids.,1,0,1,0,Only Logistic Regression correct,,
"Believe me I wanted this series to work, but the early departure of Kevin Kilner dealt a near death blow after season one. Robert Leeshock just wasn't right for the part and Jane Heitmeyer did an admirable job as lead but the series just got too messy and confused at that point. I don't know what happened in Season Five, what a mess. Sometimes its time to drop the red cape and just stick the sword in the bull, if you know what I mean. The only consistent thread holding the series together were the amazing performances of Leni Parker and Anita LaSelva as the two Taelons in quiet idealogical conflict. If not for their talents and well-written dialogue they would have been two weird bald man-chicks in a B-movie series.<br /><br />If only this series could have ended at season 4 and picked up later by SyFy...",1,0,1,0,Only Logistic Regression correct,,
"Bride of Chucky starts late one night as Officer Bob Bailey (Vince Corazza) sneaks into the evidence room at his police station & amongst all the horror film in joke props he steals the remains of the Chucky doll that serial killer Charles Lee Ray possessed way back in the original Child's Play (1988). He drives the remains to an isolated area where Ray's ex girlfriend Tiffany (Jennifer Tilly) slashes Bailey's throat & takes the remains back to her trailer. There Tiffany stitches & staples Chucky (voiced by Brad Dourif) back together again & using a 'voodoo for dummies' book brings him back to murderous life. Thing don't go as Tiffany had hoped & Chucky turns out not to be the man of her dreams after all so she locks him in a play pen at which Chucky is less than happy. While Tiffany takes a bath Chucky escapes, electrocutes her & using that book brings her back to life in the shape of a female doll dressed as a bride. Neither want to be stuck in plastic bodies & have to work together to get to a cemetery in New Jersey where Ray's natural body had been buried with the amulet needed to switch their spirits back into human bodies. The bodies of Tiffany's neighbour Jesse (Nick Stabile) & his girlfriend Jade (Katherine Heigl), who are both on the run from Jade's corrupt uncle Chief of police Warren Kincaid (John Ritter), will do nicely...<br /><br />Directed by Ronny Yu I love Bride of Chucky. The script by Don Mancini is great fun, very fast moving, highly entertaining & references plenty of other horror film with good affection. From the opening sequence where we see Jason Voorhees hockey mask from the Friday the 13th films, Freddy Krueger's razor blade glove from the A Nightmare on Elm Street series & Michael Myers mask from the Halloween franchise. To the clips used from Bride of Frankenstein (1935) when it virtually recreates the same scene. Bride of Chucky never takes itself seriously which is just as well, there are lots of one liners, self referential gags that Scream (1996) made trendy a few years earlier & it doesn't seem afraid to poke fun at itself & the horror genre in general. I love the scene when Jesse & Jade are having a clichéd slushy romantic conversation that Chucky hears & he makes funny derogatory comments & gestures throughout. That's not to say that there isn't a damn good film in there as well because there most certainly is. Director Yu manages to create good atmosphere & a real sense of fun, both human & plastic sets of characters are likable & shine as each pair suffer their own sets of domestic problems that the trail of corpses that they are leaving behind would obviously cause. Technically Bride of Chucky is great for the most part & has that big budget polish about it & at about $25,000,000 I should hope so. The only thing that I will say is that some of the puppet effects by Kevin Yagher are a little stiff & unconvincing, I can't remember any CGI scenes in Bride of Chucky either. Thankfully the film doesn't neglect the blood & gore with a cool slit throat, nails blasted into someone's face in presumably a Hellraiser (1987) homage, people impaled on shards of glass, someone being bloodily obliterated by a huge truck, a ripped off lip piercing & various stabbings & gunshots. The acting is pretty good & Dourif as Chucky is very funny as he spouts the one liners out. I also like the scenes with Tiffany at the beginning & find her very sexy when she's wearing all that fetish gear, I can't be the only one surely? I personally think Bride of Chucky is a fantastic film, total entertainment from start to finish, great humour & horror in equal measure & at only 85 minutes long it never becomes boring or dull. A personal favourite of mine, watch it as soon as you can!",1,0,1,0,Only Logistic Regression correct,,
"I tried to love this movie. I really did. Kevin Bacon plays a cerebral palsy victim who is befriended by a 10-year-old girl whose fantasies of digging to China, flying away in a balloon, and so on, are her way of coping with a dreary existence. I admit I did fast-forward through one of the scenes in which the two of them share friendship and simple pleasures while soulful piano music plays in the background. Okay, three or four of those type scenes. Maybe nine or ten. Okay, okay, it was fourteen. But I did sit and watch most of them.",0,1,0,1,Only Logistic Regression correct,,
"A better film could have been made to portray the tragedy of Bosnia. Some parts are very effective and the film does well to give some idea of the suffering of the people specially the children, but overall it looks less like a film and more like a documentary. Woody Harrelson is very good but the rest of the cast has performed well without being extra ordinary. Should be watched in order to get a rough idea of what the war did to the children of Bosnia. If one expects a great and gripping movie, Welcome...... will be a disappointment.",0,1,0,1,Only Logistic Regression correct,,
"By all appearances this serial could have been made any time since the mid forties. The cardboard sets, the moon kings with lightning bolts sewn onto their aprons, you know the drill. This one is a Rocky Jones adventure, featuring the space cop's dealings with the insufferable Bitch Queen of planet Offeecious, a commie planet that won't join the United Planets. When the noble messengers of intergalactic reason announce that Offeecious is on a collision course with this other, vaguely Slavic planet, Bitch Queen decides to blow the other guys up rather than evacuate her land. This introduces a moral to the effect of ""The greatness of a nation is not in its land, but its people,"" which is hammered home five or six times in the climactic talkfest. The BQ's constant nasal ranting about ""OffEEEEcious"" provides relief from some seriously wanting space effects, is this a TV show?",0,1,0,1,Only Logistic Regression correct,,
"Okay, I know that's cliché. Taken on its surface, this is a bad film- perhaps in a league with ""Plan 9 From Outer Space"". The dialog is suspect (but the Singlish is quite enjoyable...), the plot is not quite believable, Gavin's character overacts excessively. While watching the movie, somethings happen that truly make you wonder... Handsome and Kim making out on a tank, Gwen eating a banana in a bath, just about everything Gavin says and does (""psssssssssssssssycho!!""). These things taken separately are perhaps flaws. Taken together, however, they are merely quirks. Watching this movie with an open-mind (especially if you're not familiar with Singaporean culture), and with an open-minded group of friends is guaranteed to deliver a lot of laughs and a memorable time. You can't go into this movie expecting a masterpiece, or even expecting to take anything serious at all. If you can take this film for what it is - an underdog film about underdogs, filled to the brim with its own quirks - then you should have a good time watching this one! I've already seen it three times and I wouldn't hesitate to watch it three more times!!",1,0,1,0,Only Logistic Regression correct,,
"ONE DARK NIGHT is a highly overlooked and little known film from the early 80's that deserves an audience that I fear it will never get, and that's a damn shame. I have seen this film compared to others that have gotten a bigger name over the years, most notably PHANTASM, HELL NIGHT and MAUSOLEUM. This is a much different film than those and I don't see the comparisons other than the mausoleum, which is a bit similar to the one in PHANTASM, but not enough to make any real comparisons. I'm not sure how this one slipped through without a broader acceptance. Maybe it's all in the marketing, I don't know. Perhaps a remake would breathe new life into it, unless Raymar drained all the life out of it that is. I'm not too big on all the remakes that are abundant these days, but I think they do work well with lesser known films (except for the awful GHOST SHIP remake, which other than the opening scene and Mudvayne's Not Falling blaring, was utter crap). So if a remake of ONE DARK NIGHT would happen to fall into the right hands, I think it would make a lot of people go and watch the original. I know that's what I do if there's a remake of a film I haven't seen before. So anything short of a remake, I fear, would not bring this film back to life. Unless, of course, Raymar got his eyes on it.<br /><br />Anyways, ONE DARK NIGHT is a must see for horror fans, especially 80's horror fans ('cause we all know that's when the best horror movies were made). Creepy setting. Fairly good acting. Very good story. Campy. What more could you want from an early 80's horror film? What's that... nudity and gore? Well, sorry. No nudity or gore in this film, but it's still great nonetheless! A solid 8 out of 10. Enjoy.",1,0,1,0,Only Logistic Regression correct,,
"I saw Anatomy years ago -- dubbed at a friends house I don't remember it much, and then I saw at the video store there is a second one -- not really related to the first one Franka Ponte makes a little cameo. And that one was okay not as good as the first one. I'm seeing the first one again tonight -- not dubbed collectors edition. I really like German movies like this one it's very interesting and people and cults like the one in the movie could exist i think, i dunno. But it's very grossly entertaining and scary. Anatomy 2 is a little different and the characters are not as good as the first. But if you really thought Anatomy was interesting and good you should see the second one.",1,0,1,0,Only Logistic Regression correct,,
"""I am ... proud of 'Head',"" Mike Nesmith has said. He should be, because this film, which either has been derided by many of us or studied and scrutinized by film professors, works on many levels.<br /><br />Yes, it's unconventional. To many, frustrating. It's almost as if the producers hand you the film and tempt: ""You figure it out.""<br /><br />You probably already know that The Monkees TV show was a runaway marketing success that depended upon business acumen and no small serving of public deception. TV shows are about selling soap and toothpaste first, than to entertain. That The Monkees broke out of the box for a short time to make ""Head"" is a testament to the group's popularity and importance in pop culture, despite where your head's at. Get one thing straight: ""Head"" is not The Monkees TV show.<br /><br />So what we have here is a ""psychedelic documentary"" about Western pop culture from a source that has authority on the subject. ""Head"" is a movie that could only come from those ""inside the box"". By 1968, The Monkees' cast and crew were seasoned and weary professionals who had seen their share of promise and disappointment. The movie was a deliberate attempt at market repositioning. So, it did three things: Make a film the way The Monkees envisioned. Most importantly, reinvent the group to one not subservient to it's old bosses - and yas, hipper than before. Make a film that exposed American attitudes of information dissemination.<br /><br />""Head"", therefore, really is about media manipulation and its net result: deception. The mass media is supposed to inform, educate us on the happenings in the world at large, and ultimately asks us to form opinions of these events that can shape thought into positive action. Thus we assume the information we absorb to be complete and unbiased - otherwise, how can one establish a valued conclusion on any one idea presented by a book, newspaper or TV show? In one of the street interviews in ""Head"", a guy admits, ""I haven't looked at a newspaper or TV in years."" Is he lesser or better the man? Even the drug parallels are a soft veiling of ""Things are not as they seem."" Remember the old joke, ""Everything you know is wrong""? The screenplay starts with The Monkees' public admission of it's own ""manufactured image"" and runs with the football - literally. Is the football scene in the movie a visual manifestation of the whole idea behind ""Head""? Is the film a stream-of-consciousness exercise? Is the film the culmination of pot smoking marathons? There are too many coincidences that occur in the film that suggest otherwise. My guess is that ""Head"" is the culmination of motivations somewhere between intended and unintended.<br /><br />Largely, the insiders responsible for ""Head"" seem to enjoy themselves in the revelries that take place in the film, but there is anger - anger at the chaos that characterized the late '60s and anger at the way the media, television especially, had changed culture in negative ways. Drugs and violence were strong negative forces in the late '60s and still are, but the producers of ""Head"" want you to know that poor ""information"" is a far greater danger.<br /><br />Wars have been attributed to hoaxes and lies. What perfect way to spread disinformation than through TV? Repeatedly, the mysterious black box is seen as an obstacle to The Monkees and seemingly, all of us as well. In one scene, Peter is sullenly sitting in a saloon holding a melting ice cream cone, and is asked by a fellow Monkey, ""What's wrong?"" ""I bought this ice cream cone and I don't want it."" The movie suggests that the first purpose of the media is NOT to inform, but to sell en mass blindly. ""Head"" goes further: put any idea into someone's head, and merrily goes he.<br /><br />The filmmakers know this, and the danger is real. ""Head"" is either a movie that creates itself ""as we go along"", or is a deliberate statement. Perhaps, perhaps not. Maybe it is just ""Pot meets advertising"", as critics scathed in 1968. The jokes are on The Monkees and us. Be careful what you ask for, you may get it.<br /><br />Cheers: A true guilty pleasure. Very funny. Intelligent. Will please the fans. Find the substance, it's there. Unabashedly weird. Bizarre collection of characters. Good tunage. Length is appropriate. Lots of great one liners, including my all time prophetic favorite: ""The tragedy of your times, my young friends, is that you may get exactly what you want.""<br /><br />Caveats: Dated. Drugs. No plot. No linear delivery of any thought in particular. At least twenty-five stories that interweave in stop-and- go fashion. So, may easily frustrate. May seem pretentious to some. People who can't stand The Monkees need not watch, though that in itself is no reason to avoid it. The psychedelic special effects may kill your ailing picture tube or your acid burnt- out eyeballs.<br /><br />Match, cut.",1,1,0,0,Only Naive Bayes correct,,
"I saw this film in a Cinema-Club in Germany in 1970. Most of the attendees were from the local private school at which I was teaching. I had seen a few Godard films previously while I lived in France, and, though they hadn't been my favorites, I could at least make sense of them. Being able to speak French helped.<br /><br />The fairly innocuous beginning of ""Le week-end"" soon turned into a kaleidoscope of images, very well, maybe too well photographed, that soon made no sense to me. For me, films, like books, must have some clear sort of meaning. This didn't for me. I suppose I'm not ""into"" artsy films. Images still haunt me from the film. To this day I refuse to eat rabbit meat, well-loved by the French. Those who've seen the film might realize why. Yes, the theme of materialism came through, but the cannibalism, the car wrecks, and all the other scenes of destruction and horror only sickened me. I'm not sure if I walked out before the end, but I certainly felt like it. I promised myself that I'd never watch another Godard film, and I haven't and never knowingly will.<br /><br />My rating: nothing. It was the most disgusting film I've ever seen. Others may have been more inept, silly or stupid. I've forgotten those while scenes from this one will haunt me forever.",0,0,1,1,Only Naive Bayes correct,,
"I wish I could have voted this movie a ten, it's that funny. If they had intended for it to be that funny I would have given it a ten. I have to give it a 1, but it's the funniest darn 1 you'll ever want to watch. See the giant blur flash across the screen! Where did it come from? What is it? It flies, it terrifies, it's electrifying, it's on strings! This bird has real personality. I was about ten when I saw it for the first time, and when Big Bird appeared on Sesame Street, I was sure they were one and the same!",0,0,1,1,Only Naive Bayes correct,,
"With a cheap pound shop having just opened,i thought that it was worth looking to see if their were any cheap DVDs that looked good.and while the back of the cover made this sound like a Jeepers Creepers type of film,it is actually an anthology film! and thought one or two of the stories feel very familiar.Its still a fun light horror/comedy. The plots:<br /><br />Story one:The classic.<br /><br />A young couple feel the it is time that they should try to in prove their financial life by picking up a $1500 car.But,when the guy goes to pick a car,a car starts to talk to him.The car (called Banns) says that to get everything that he has ever wanted in life,that he must buy Baans for $5000.So while the guys relationship crumbles,Baans does everything he can to show who really is in charge.<br /><br />Story two:Kitchen culture.<br /><br />A guy that might get thrown out by his land lord,due to how messy his flat is,discovers that due to keeping a tuna pasta in his fridge for six months,the it has now moulded and evolved into a green mouldy version of himself!.And while they start off as friends,they end up having a big falling out,the leads to a final battle to see if the real guy or his fridge clone will survive.<br /><br />Story three:Too good to be true.<br /><br />A girl signs up with a dating agency and she gets matched with a guy the is perfect for her.But she is unsure that the guy is too perfect,and when she thinks that she sees him 'shut down' she starts to get spooked. View on the film:<br /><br />The first thing that i have to mention is the rating for the film in england,where it has been given an eighteen rating,even thought it has no nudity,swearing or blood at all.And the other odd thing about all the stories is that they all have happy endings,where the goodies win!.And while the first story is too close to the Stephen King classic Christine,the second story is easily the highlight of the film,with director Tom Parkinson making the nuttiness of the story feel like a low-budget Muppets episode!.<br /><br />Final view on the film<br /><br />While it does have a bit of a 'remake; feel,their is enough wackiness to make this a good horror 'comedy'.",0,0,1,1,Only Naive Bayes correct,,
"John Wayne is without a doubt one of the most popular and loved actors of all time. His career stretched over forty years, and within that time he starred in films such as ""Angel and the Badman"", ""The Green Berets"", ""Sands of Iwo Jima"", ""Rio Bravo"", ""North to Alaska"", and ""The Undefeated"".<br /><br />The film's listed above are hailed as some of his best, unlike this 1934 effort ""Randy Rides Alone"", which has been pretty much forgotten about as time's gone on, which is unsurprising, as it's nothing memorable apart from its very short running time of just 53 minutes.<br /><br />A young John Wayne plays Randy Bowers, who for reasons never really explained, arrives at a saloon in the middle of nowhere and finds that everyone inside has been killed. While looking around, a posse arrives and finds Randy there and they arrest him, accusing him of being a gang member and demand to know where the rest of his gang is. He is put in jail accused of the murders. Sally Rogers, whose uncle owned the saloon and was murdered, arrives at the jail to see Randy in order to clarify that he was one of the gang members ( She was hiding in a secret room when the shooting took place ). Sally doesn't believe that Randy is a killer, and doesn't recognise him, so while the sheriff is out, she slips him the keys and Randy escapes. While running away from the sheriff and his posse, Randy conveniently stumbles into the gang's hideout in a cave who were responsible for the murders. Randy sets out to clear his name, and also to bring the gang to justice.<br /><br />""Randy Rides Alone"" can be a fun film to watch, especially if you're a John Wayne fan. But at the same time it has far too many flaws that are impossible to ignore. The film is also extremely dated, as you would expect; we have the terrible camera shooting which makes everyone look like they are moving in super-fast motion, and the dialogue is terrible. The acting isn't great either, and Wayne's character is very wooden and he, along with the rest of the cast, look like wooden puppets who are being conducted by someone ( In this case it's by director Harry Fraser ). Harry Fraser is at the helm, and does a good enough job but the story is paper-thin. One can't help but feel that about ten minutes is missing from the start of the film as Randy just arrives out of nowhere at the saloon and is looking to meet someone. An explanation on why Randy was there is giving later on, which turns out to be something like he is a P.I who was sent to investigate the claims that someone is trying to take over the town. To be honest I didn't really pick it up, most of the time I was hoping for the movie to end.<br /><br />But that being said, I didn't find this film to be completely terrible. I enjoyed some of it and found it to be quite fun at times. But it really isn't a great film, and isn't really worth watching or tracking down.<br /><br />Overall, ""Randy Rides Alone"" is incredibly dated and is a tiresome Western with very few redeeming qualities. Can be fun but overall it isn't a great movie and is certainly one of Wayne's weaker outings.",0,0,1,1,Only Naive Bayes correct,,
"Yeah, I know the girls are hot and the scenery lovely but for someone knowing the place, it's hilarious.<br /><br />If you want some accuracy, this is not a movie to rely on. It starts with the flight from São Paulo to Rio aboard a 747. This will never happen on the 400 km flight. Smaller planes such as 737 or A-320 shuttle passengers between the two cities every half an hour. The drive from the airport home if shown on a map would reveal an intricate zig zag back and forth. Perhaps the producers tried to emulate one of the very known taxicab drivers itineraries when faced to tourists. Not that it would be a local habit as I myself got ripped off in very serious places such as Switzerland. The girls, yes. All topless. That's something an outsider will never understand. Brazilian chicks will be happy to expose 100 % of their incredible bodies at the Samba Schools parades and wear almost non-existent bikinis at beach, but never go topless. A handful beaches across the whole country will allow it. All carefully secluded and out of town. Oh, the indoor decoration; the amazing wallpaper... maybe in Disneyworld... Apart from that, it is very entertaining and, yes, Demi Moore is absolutely splendid.",0,0,1,1,Only Naive Bayes correct,,
"I had the privilege recently of viewing what is said to be the last 35mm, Technicolor, stereo print and found it much livelier and more touching than remembered. Also closer to the original material -- basically, all screenwriter N. Richard Nash did was trim, change much recitative to spoken dialog, and insert a transitional scene or two (including a very amusing one for Pearl Bailey). Oliver Smith's production design is stagy in the ""Li'l Abner""-""Guys and Dolls"" '50s adaptation mode, but it works well for this work's folkloric, unrealistic quality. Stereotyping and racism are present, but not to a wince-inducing degree. Further, for a movie of its time, it's pretty frank -- the adultery, violent behavior, drug use, and self-destructive habits of the denizens of Catfish Row are not at all minimized in the telling. But there are debits, beginning with all that variation from the stage text. The loss of so much compromises Gershwin's brilliance -- no wonder the family doesn't like it. The reorchestration, especially of Sammy Davis Jr.'s material, is disconcertingly trendy and vulgar. George knew what he was doing, folks; you didn't have to mess with it so much. And while Poitier and Dandridge act well and their singing doubles sing well, there's a huge chasm between the characters' singing and speaking voices -- you're constantly aware of the artifice. What really counts here, of course, is the music, among the greatest ever written for the theater, anywhere. Despite all the tinkering, it survives,and you'd have to be made of stone not to be moved by it. If the treatment isn't entirely to the estate's liking (and it shouldn't be), there's still no reason not to spend some bucks to restore this ambitious filming of Gershwin's masterpiece and make new generations more aware of his genius.",1,1,0,0,Only Naive Bayes correct,,
"This film is all right, fairly silly and to be taken lightly. But what I can't stand are the numerous heroes and that boy's ILLEGALY SENTIMENTAL comment near the end: ""look, they all look the same"". Isn't that by far passing the good taste standards? I thought it was revolting, as were the heroic, unselfish acts by some of the people in this film. I'm not saying it won't happen like that, but zooming in on all the bravery like that makes my stomach churn.",0,0,1,1,Only Naive Bayes correct,,
"I found West Point to be an agreeable film, although I doubt that I would watch it again. The performances were convincing, with William Haines as yet another obnoxiously amusing young man that has his come-uppance by film's end. It's hard to believe that stardom beckoned Joan Crawford less than a year after this film was made, as she looks rather awkward at times. <br /><br />I would apply the comment made by another concerning Ramon Novarro's ""Huddle"" (1932) to this film as well. There is a great film waiting to be made here, but there is something lacking. The backdrop and integration of the Corps was well utilized, but I was less involved than I thought that I would be. Perhaps Haines' character went too far, or got away with too much. His ""repentance"" did not seem genuine enough; and what kind of message did it send for him to run every play in the last minutes of the Army-Navy game? Where's ""the Corps"" in that? Might as well have taken out the other ten men and let him do it all himself. Also, I doubt very much that William Bakewell's weak, puny character would ever have a real-life counterpart at West Point.<br /><br />All this aside, the film is sometimes very moving and inspiring. It is a fine look into the daily practices of an honorable institution. Thank goodness that tradition still means something at West Point too, unlike the vapid ""traditions"" of Ivy League schools, only half-heartedly engaged in these days.<br /><br />As to the score: it was appropriately martial. But, there was a distinct over-use of snare drums. Using them for knocks on the door, scene transitions, et ALU as well as in well over half the scenes got to be rather tedious. It rather lessened the viewing experience. I was ready to say ""I GET THE POINT ALREADY."" <br /><br />With that, enjoy the film, but don't expect too much emotional involvement.",1,1,0,0,Only Naive Bayes correct,,
"I chose this movie because I was looking for a triangle friendship between a girl & two boys. As I lived this situation and get lost in it, I hope a similar story would inspire me. <br /><br />My major concerns are: - Why (a) & How (b) the triangle forms ? - Why (c) & How (d) the triangle degenerates ?<br /><br />(a) The movie offers a plain answer: ""because it's better !"". <br /><br />(b) here, it's an open triangle: the three share things together. Mine was a closed one: every ones knows the others but never the three are together or speak about the missing one: <br /><br />(c) The movie doesn't offer spoken explanations but rather prefer visual & emotional assumptions: the end comes with sensuality, sexuality coming up in the triangle, or more accurately, when for one member, deep feelings are tied with intimacy, and, as for the latter and the former, they can be divided. I agree with that.<br /><br />(d) In the movie & in my story, silence is the proof that something isn't well.. And in a ironic and painful way, the tool for this sad times, is always the phone: I lived this dreadful planned phone-call: ""Call me back: I wait you"" and when time comes, the phone is silent. A variation is also shown, when the line is connected but one refuses to speak All those scenes were very very hard to see for me.<br /><br />If the movie was a great help in that way, he got also a lot of flaws:<br /><br />- I zapped on the boy's family problems<br /><br />- why the shower scene on the DVD cover is cut on the movie? <br /><br />- how Mickael gets finally into the hotel ? <br /><br />- is Clément always seeing Salomé ? he says ""no"" but has her address; and who is the girl with him in the bar: his girlfriend ? how can she knows about the address ???<br /><br />- what finally happens to Vanessa: the ring at the final shoot is a proof of engagement ??? with whom ?????",0,0,1,1,Only Naive Bayes correct,,
"I'll say one thing for Herman, USA: it will probably always play well to Minnesota audiences. I can't imagine that there's another place in the world where a reference to the fast life of Bemidji or a line like ""I knew there was something wrong with Iowa guys"" would bring down the house. I actually quite enjoyed the first hour or so. Basically, a bunch of lonely country boys take out a personals ad and find their town beset with willing female suitors (is suitors a gender-specific word?). It ain't progressive, to be sure, but it's sorta charming in its own right. Pity that the filmmakers felt the need to tack on a contrived subplot about a conniving golddigger and her violent husband. Overall it's just too cloying for its own good, but you've got to give some props to a film with the guts to give a guy with Kevin Chamberlin's build a nude love scene. I will always applaud the depiction of people who don't meet the usual standards of beauty as sexual, caring human beings, but that's not enough to redeem Herman, USA. To paraphrase Jello Biafra, it's nostalgia for an age that never existed.",0,0,1,1,Only Naive Bayes correct,,
"This is the most frightening film ever made in Hollywood. It is a cautionary tale of how to take a European masterpiece and suck the life of of it until it is a dry husk like an insect carcass on the the windowsill. Frightening because it reveals how the world of Hollywood really works: ignorant money begetting dross. It makes me wonder how many great films could populate the corridors of my memory if the Hollywood process had not leveled them to forgettable mediocrity. Cry for the murdered children! See Spoorloos or read The Golden Egg, if you dare, because they will come back to you forever in the idle moments of your life: when you're walking along the street and you see a 'missing' poster; in ordinary-looking parking lots; when you hear the Tour De France on the radio; and, especially, when you you think ""what's the harm?"" in wearing a sock with a hole in it on a perfectly ordinary day.<br /><br />If only I could give this a zero.",0,0,1,1,Only Naive Bayes correct,,
"As long as you keep in mind that the production of this movie was a copyright ploy, and not intended as a serious release, it is actually surprising how not absolutely horrible it is. I even liked the theme music.<br /><br />And if ever a flick cried out for a treatment by Joel (or Mike) and the MST3K Bots, this is it! Watch this with a bunch of smart-ass wise-crackers, and you're in for a good time. Have a brew, butter up some large pretzels, and enjoy.<br /><br />Of course, obtaining a copy requires buying a bootleg or downloading it as shareware, but if you're here on the IMDb, then you're most likely savvy enough to do so. Good luck.<br /><br />And look for my favorite part....where Dr. Doom informs the FF that they have 12 hours to comply with his wishes....and he actually gestures the number ""12"" with his finger while doing so....it's like ""Evil Sesame Street""....hoo boy.<br /><br />...and of course Mrs. Storm declaring ""Just look at you....the Fanstastic Four"" is just so heartwarming....you'll laugh, you'll cry.....<br /><br />So if you love schlocky Sci-Fi, this one's Fantastic For you!",0,0,1,1,Only Naive Bayes correct,,
"Ok, I did think that it would be horrible. But when I saw it.. I was proven wrong. Emily Bergl did a superb job as did Jason London. Sue Snell was under-used and under-written. The meanies were ok, Dylan Bruno and Rachel Blanchard are definitely the stand-outs. As for the things the teens do and how people claim it's all wrong. Whatever. My friends and I use the term ""swank"" a lot and I have driven a car and had someone steer as I changed. It's pretty much all there. I've just never been at a after-game party in a house that big with it's very own light show.. The deaths are good. The best involves a pair of glasses, a spear gun and a pool.. all in that order. I must say, there will be people who hate it.. but I'm not one of them.",0,0,1,1,Only Naive Bayes correct,,
"This cheapo remake of the terrific Five Star Final suffers from terrible acting. Humphrey Bogart stars as the manager of a sleazoid radio station that is desperate to boost sagging ratings. The owner decides to have a series of morality plays written about a famous murder case from 20 years ago. So they hire the fake preacher (Harry Hayden) to track down the murderess, who was acquitted and has been living quietly under a fake name. The preacher arrive on the daughter's wedding day, but the ruthless radio station refuses to back off exposing the mother and ruining their lives.<br /><br />Bogart is always good. Hayden is good the the slimy preacher, and Henry O'Neill is good as the father. Everyone else is just awful. Helen McKeller wins no sympathy (crucial for the role), Linda Perry is a lousy actress, Beverly Roberts is OK but always looks old, Claire Dodd and Hobart Cavanagh have no parts, Carlyle Moore is a dud as the boy friend, Virginia Brissac is miscast as the society mother, Robert Middlemas overacts as the station owner.<br /><br />This one comes in under an hour but is a pale copy of the original which boasted dynamic performances by Edward G. Robinson, Aline MacMahon, Frances Starr, and Boris Karloff. But it's always worth watching Boagrt.",1,1,0,0,Only Naive Bayes correct,,
This movie is so over-the-top as to be a borderline comedy. Laws of physics are broken. Things explode for no good reason. Great movie to sit down with a six-pack and enjoy. Do not - I repeat DO NOT see this movie sober. You will die horrible death!!!,0,0,1,1,Only Naive Bayes correct,,
"STAR RATING: ***** Unmissable **** Very Good *** Okay ** You Could Go Out For A Meal Instead * Avoid At All Costs <br /><br />The tale of the titular Adam (Mark O' Halloran) and Paul (Tom Murphy), two heroin addicts in the slums of Dublin and their daily amblings about in their meaningless lives searching for the next fix that will make their day. Along the way they try and reconcile with close family and friends who they've managed to let down and destroy over the years.<br /><br />I know a lot of Irish people like to drink, but it seems some of them have problems with heroin, too by the looks of this movie. I know there is a bit of a drug problem over there, like there is in many parts of the world, so another humorous take on the subject matter is not an entirely unexpected thing.<br /><br />I don't recall the last Irish movie I saw (the film is shot in a style that makes it stand out from any film I've seen lately!) And, judging from that, obviously I'm not as enlightened on their humour as I could be. The film is rather funny in certain parts, but it's obviously another comedy that isn't afraid to raise near-the-knuckle laughs. The scene in which the mentally disabled boy is robbed down the back of an alley is certainly true of what a pair of junkies might do to feed their habit but is nonetheless utterly despicable and I'm not sure if it was meant as dark humour in any way but it certainly didn't put a smile on my face! It's also in stark contrast to their previous actions where they're seen showing their soft side rocking a baby to-and-fro. In light of this, some may find the ending sad, others may see it as just desserts.<br /><br />Overall, I just failed to see the point to the film. I didn't see any motivation in the 'story' it was telling. It just seems to amble along without really involving the audience in any way. Unlike Trainspotting (which dealt with similar themes!) it's an unsuccessful effort for the most part that had me on the verge of nodding off despite it's very short 83 minute running time. Really no more enjoyable than following two real life junkies around for a day. **",0,0,1,1,Only Naive Bayes correct,,
"I must say it was a let down. Overall its great to see the way Aparna Sen has handled the issue of schizophrenia, I am not much knowledgeable on this and got whatever it was depicted in A Beautiful Mind, and here too its interesting portrayal.<br /><br />But the thing that caused the let down for me was the artificial dialogues and over use of English. Its true that a new class is being formed/ has been formed in India which talks in English even at home, but I am sure its not as formal as in the movie. Moreover, Waheeda Rehmaan did not seem very comfortable talking everything in English. Charu's dialogue in Bihari tone was seemingly much more realistic and digestible.<br /><br />The second thing, its about the abstract flavor she has tried to give to the movie. I generally like movies with open ending, but here there were many loose ends. Its like cut pieces are joined together to make the movie. Also there seemed no central theme to the movie. Schizophernia for sure was the main line but intermingling sister-sister, mother-daughter, adding doctor-azmi relation, no real use of brother, Bose - Bose's wife relations..... all were not required and made the audience loose track of what actually did she try to depict.<br /><br />On the whole, a watch for people who like off-beat movies, a must avoid for the ones who just see movies as an entertainment tool.",1,1,0,0,Only Naive Bayes correct,,
"If you would have asked me 1 month ago how this movie was I probably would have left most of this out, but I am a fan and as any fan I visit the movies sites often well when Super Troopers came out I visited that site after the release on DVD and was hooked yea it's a difficult site to stay on, but the good ones normally are like good families they stick together. What a story this company/comedy troop has.BEGGING people to come and see there movies on street corners,universities, anywhere they can and all for free and after all that to develop a great fan base after a few years THEY CRAP ON IT And decide to close down there website that helped them and was created for the fans, but the worst thing about it....THEY DIDN'T TELL ANY OF THEM. They just decided that they are better than us they want new fans not the fans that helped them get where they are....you know the same fans they begged years ago. Still the smart crew they are they released the best movie with Super Troopers and got everyones attention and thank God for that because after that they have sucked with everything else. Good for you guys way to go mainstream, just remember when you realize your material isn't that good and you have no new fans left you are the ones who crapped the original ones away. FANS MAKE YOU WHO YOU ARE NOT THE OTHER WAY AROUND. Never burn your bridges",0,0,1,1,Only Naive Bayes correct,,
"When this movie was made in 1980, I was a teenager in the football stands playing as part of the audience. This was done at Mooseheart, Illinois. The big letters spelling out ""MOOSEHEART"" at the top of the stands were covered up with a banner in the movie. The director would tell us to cheer loudly at certain points, as if a touchdown was being made. St. Charles juvenile correction center is a real place less than 30 miles from Mooseheart, although I think it may have closed down recently. During one scene, they show a black woman and a white man in the audience watching the game. Right below them, you can see my sister Noel's head (she was 11 at the time). In the VHS version, I can only see the top of her head, but when I saw it on TV in 1981 I could see her whole head and my sister Jacqui as well.<br /><br />I thought the movie itself was OK for a made for TV movie. Since there's already a description of the movie here, I need not repeat it. It's worth seeing at least once.",0,0,1,1,Only Naive Bayes correct,,
"A couple of friends and myself visited the video shop a few years back and we were in one of those moods to rent some cheesy non seen flicks. My friend grabbed Head of the Family and we were greeted by a head sitting in a wheelchair. Well that set us off laughing and we decided to have a bet to see who would be the one who had to go to the desk and pay for the movie. Well you guessed it, it was me!!!!!!!! I have never been so embarrised in all my life. We got home and put it on and we rolled about the floor laughing for about 45mins because this was the funniest film in the world. I cant remember much about it but one thing i do remember was the blonde girl getting it on with some guy in the back of a shop every 5 mins. That head made me laugh and when i look at other peoples comments aboout this movie it makes me laugh even more. Head of the family is so good and the head is funny and im still laughing ha ha ha ha ha ha ha",0,0,1,1,Only Naive Bayes correct,,
"Like many others, I had been attracted to the combination of Pollack, Ford and Scott-Thomas. I had enjoyed the work of Pollack and Ford on Sabrina, a well made film and a careful rewrite of the old material. On hearing that this film was in production I ordered and read the book. Immediately it seemed that this would be a more difficult story to film. The characters are not always sympathetic, there is little if any humor and the author makes numerous plot shortcuts to focus on his principal theme: that, since each would see the other as the only one sharing the unique combination of loss and betrayal brought on by the air crash, the adulterers' completely surprised spouses would seek each other out. Moreover, he imagines that resolution could come to both through a bitter exploration of the adulterers' hidden lives and that this experience of ""thick and thin"" could yield a deeper love than each had previously. Although much of the book deals with their bitterness and their building hatred of their former partners, in the end acceptance and forgiveness are found. The film script retains only the air crash and the shared predicament of the spouses. Where the woman is the research aggressor in the book, it is the man in the film and the woman is never a willing co-researcher. The film has a completely new dramatic sub-plot for Harrison Ford which seems even more contrived than the double coincidence of the air crash. The ""congresswoman up for re-election"" sub-plot for the woman is also new, yet it works better. Audience the expectations of pure romance or romantic comedy cannot be met because this story focusses on a very bitter pill. Where resolution and forgiveness is achieved in the book, however, lifting the burden of bitterness from the reader and permitting levity, there is no corresponding moment in the film. Although forgiveness is never hinted at, we are left to surmise that healing following a shooting does double duty. Ford's character need not be such an unentertaining man of few words and Scott-Thomas's accent change is a little disconcerting at first. This film is not the dead loss suggested by others. It is, however, a difficult film to appreciate because the rewrite and adaptation to the screen is below the standard previously achieved by the director cast.",1,1,0,0,Only Naive Bayes correct,,
"Thank God this has not been renewed by ITV.<br /><br />This series, while popular (God knows why) has a very simple - 'Look I've found another body behind the flowers/bushes/trees/wherever they are working - for the sixteenth time this series' plot. The dialogue is so simple it's as though this has been written for children - talking down to the viewer and explaining every plot point.<br /><br />They just 'happen' to be around when someone does something out the ordinary - and no-one notices them.<br /><br />Every time they look into and investigate someone's murder, they get in the way of everyone else - messing up the lives of all - including those completely innocent.<br /><br />They break and enter into people's homes, stealing items and evidence (even firearms) being nosey and getting into people's lives, spying on them and going through their stuff. They never apologise, never get caught or arrested (and if they do they can talk their way out of it, even though another character who does the same gets put in prison!!!).<br /><br />They always come up trumps. Now I know that this is an easy going series, but I think that realistically this should not have made it past the first few episodes! Put simply, it's unrealistic.<br /><br />I think that they have found enough bodies in the undergrowth both here and on the Continent (where they are every other week), so I do hope it never comes back.<br /><br />ITV should get some action on the screen instead of all the years of humdrum - 'someone's been murdered at the village fair - again' type series.",0,0,1,1,Only Naive Bayes correct,,
"My brother plays ""Moose"" in this film. Although most of his scenes were left on the cutting room floor. The funniest line is the movie is ""nothing wong with stat."" So anyway, this is filmed in Portland, OR, where we grew up. The dance club is/was called ""Up Front FX"". What I loved about this movie is that the main character (who is not named on the box because Bolo brings more clout) is supposed to be a police detective...a great opportunity to drive around in a red convertible Porsche. I need to get a copy of this, preferably the director's cut, so I can see all the scenes my brother is in. The only scene he is in is the beginning when they are in the dance club. He got the spot because he was dating this cheerleader from a semi-pro football team called The Oregon Thunderbolts. It is interesting because his name comes up as the first entry in IMDb. Fame has him, fortune, not so much.",0,0,1,1,Only Naive Bayes correct,,
"This film looks great, and that's about where my praise ends. ""Love Is a Many Splendored Thing"" came out in the very schizophrenic year of 1955, when candy-coloured nonsense like this co-existed with trail-blazing artistic fair like ""Kiss Me Deadly."" As a trend toward smaller, socially conscious films like ""On the Waterfront"" and ""Marty"" established itself in the mid-50's, other directors felt the need to stick with the unchallenging, pandering melodrama that classifies so many other films from that decade, and ""Love"" is one of the latter.<br /><br />This is the kind of 50's movie where the Technicolor is used to its garish utmost and the lighting is invariably high-key; even scenes taking place in a dark room or at night are brighter than the average sunny day. I never want to hear the theme song again, as it's played frequently enough over the course of the film to last anyone a lifetime, and I certainly don't want to hear it sung by the shrill, ear-piercing choir that belts it out over the end titles. Jennifer Jones and William Holden are passable, but really anybody could have played these parts. Jones' role is horribly written--her character is incredibly inconsistent, and it seems as if whenever her character is required to make a decision about something, the screenwriters flipped a coin to decide what that decision would be.<br /><br />People will undoubtedly tell me I'm taking this film too seriously, that I'm unromantic, etc. But I loved ""All That Heaven Allows,"" released the same year and just as cornball in its own way, except that Douglas Sirk is able to turn melodrama into an art form, whereas Henry King (director of ""Love"") is not.<br /><br />I'm usually able to enjoy bad melodrama, but in this case I was just bored.<br /><br />Grade: D+",0,0,1,1,Only Naive Bayes correct,,
"""Kicked in the Head"" is all about the Corrigan character, a twenty something man on a quest to find himself, and his involvements with a handful of quirky characters. This thin and ambiguous story, which was written by Corrigan, has a make-it-up-as-you-go feel and a screenplay which smells like an uninspired low budget indie. In spite of that and some annoying Hindenburg scene interjections, the film has an off beat, quirky kind of charm which may appeal, in some small way, to people with a similar sense of humor. Not for everyone, not for most, but maybe fun for some. (D+)",0,0,1,1,Only Naive Bayes correct,,
"This enjoyable Euro-western opens with a scene that predates a similar scene that Sergio Leone wanted to shoot for ""Once Upon A Time in the West"" but couldn't persuade Clint Eastwood to appear in. Three tough-looking gunfighters ride into a town. One is dressed like the Man with No Name in a poncho. Another is dressed like Colonel Mortimer from ""For A Few Dollars More,"" and the third is garbed like Django, except he rides a horse instead of pulls a coffin behind him with a machine gun in it. Our hero meets them in Main Street behind a wagon loaded with three coffins. ""Any Gun Can Play"" is a spaghetti western with an in-joke on spaghetti westerns since the hero here wipes out the three killers. Aside from a little too much comedy, especially in the acrobatic fight sequences, this is an above-average oater.<br /><br />The notorious Mexican outlaw Montero (Gilbert Roland of ""Barbarosa"") and his gang of trigger-happy pistoleros rob an army train transporting $300-thousand dollars in gold coins across the frontier. Director Enzo G. Castellari of ""Inglorious Bastards"" stages the hold up from a variety of camera angles that thrust you into the forefront of the action. The bandits seize the locomotive along with the coach carrying the gold and separate it from the rest of the train that houses the U.S. Cavalry. While Montero and his gunmen keep the Cavalry pinned down, Pajondo (Pedro Sanchez of ""Sabata"") commandeers the locomotive, kills the engineer and his crew and trundles it away, leaving the other pistoleros behind to fend for themselves. Essentially, Pajondo double-crosses Montero and steals the gold for himself. Later, Montero catches up with Pajondo at the Rio Grande. Before the bandit can reveal the whereabouts of the loot to Montero, however, a Cavalry sergeant shoots Pajondo dead. Before he dies, Pajondo tells Montero about a medallion that serves as a clue about where he stashed the treasure. The irate Cavalry captain (Ivano Staccioli of ""Commandos"") imprisons Montero, but he cannot loosen the bandit's tongue even after he uses his whip on him. Infuriated by Montero's reticence, the captain threatens to have the Mexican shot if he doesn't talk. Meanwhile, the jailers let a priest speak to Montero, but he really isn't a priest. The six-gun toting Stranger (George Hilton of ""The Ruthless Four"") masquerades as a man of the cloth and rescues Montero from a firing squad. Unfortunately, before Montero is rescued, Clayton (Edd Byrnes of TV's ""77 Sunset Strip"") takes the medallion away from him and keeps it for himself. Clayton is the bank representative that was sent to safeguard the gold. He is horrified that the Captain wants to shoot Montero. Clayton's career at the bank hinges on his ability to recover the gold. The Stranger stages a fire at the fort to distract the firing squad and Montero takes the Captain as hostage and tries to escape, but the Stranger shoots him off the horse. Before the authorities can verify that Montero is dead, the Stranger claims the body for the handsome reward he will receive and he rides out with the Captain's gracious thanks. No sooner have they left the fort than Montero's men show up to rescue him from the Stranger. From this point on, the Stranger, Montero, and Clayton forge short-lived alliances among each other as they search for the gold. Castellari and scenarist Tito Carpi, who has penned a number of spaghetti westerns such as ""A Few Dollars For Django"" and another Castellari oater ""Seven Winchesters for a Massacre,"" rely on clever humor and surprise reversals to keep the action fresh and fast-paced. One cool scene has Clayton seated at a table about to eat his meal when he hears some suspicious sounds from behind him. Clayton pours his drink on the table and sees the gunmen behind him with holstered six-guns.<br /><br />""Any Gun Can Play"" lives up to its title. In fact, many guns do play, and at least twenty or more corpses pile up before fade-out. This western isn't so much a parody as it is a knock-off of Sergio Leone's ""The Good, the Bad, and the Ugly."" Mind you, bad guys and good guys fall as frequently as ten-pins in a bowling alley, but their deaths aren't depicted in the brutal fashion of a Leone western. ""Any Gun Can Play"" doesn't take itself as seriously as the aforementioned Leone masterpiece. The three leads jockey back and forth for supremacy. Each has a piece of the puzzle that will lead them to the treasure, but they refuse to share their information until the shoot'em up finale. Lenser Giovanni Bergamini's colorful widescreen photography is spectacular, especially the opening shots of the train chuffing along railway tracks with distant mountain peaks rearing up dramatically in the background. Another great shot occurs when Montero tests the Stranger's imperturbable calm. This scene happens after the Stranger has rescued Montero and the Mexican's minions arrive to save their chieftain's bacon. Confiscating the Stranger's six-gun, Montero takes aim at the poncho-clad tough guy and empties the revolver, placing his well-aimed bullets harmlessly in and around the unflinching gunslinger. Bergamini, who photographed Castellari's World War II thriller ""Inglorious Bastards,"" frames the scene with the Stranger in the background and his pistol in Montero's hand in the foreground for a pleasing, three-dimensional style shot. Meanwhile, Francesco De Masi's lively orchestral soundtrack is as memorable for its own idiosyncratic melodies as Ennio Morricone's soundtracks were for the Leone westerns. The opening song is reminiscent of a 1950's Hollywood western with its catchy lyrics and guitar riffs. Although it isn't a major spaghetti western, ""Any Gun Can Play"" is always entertaining nonsense with interesting plot twists and good performances, especially the indefatigable Gilbert Roland who was 62 years old at the time!",1,1,0,0,Only Naive Bayes correct,,
"Like another user I got this cheap - I thought. 85 kroners (£8). Although not worth that amount of money it is a total classic that I - like the other users - first saw when I was a kid and was looking forward to seeing again some 20 years after. The story is amazingly thin (which is why it might have worked for kids), but all the radio language and trucker stuff makes up for it. It'll look good on my DVD shelf in years to come. First viewing (1980): 10/10. Second viewing (2002): 4/10",0,0,1,1,Only Naive Bayes correct,,
"Two actors play rival gangsters in three films, the final of which is a sci-fi film, that nods strangely to William S. Burroughs, Philip K. Dick, and anime all at once. The robots are actually called ""replicants"", a reference to Dicks Blade Runner(several visual allusions to the film can be found as well) and the bad guy is a psychotic gay mayor obsessed with limiting procreation through use of a compulsory drug for ""heterosexual love is fleeting, and homosexual love is eternal""....martial arts fights ensue, a first for the dead or alive films. The hilarious climax involves the two leads morphing into a winged robot with a gigantic phallus for a head, who personifies ""destruction"", which has been the path of both characters thus far, their individual minds and later literal heads functioning as something like testicles. The film ends with the mayor f*&%ing his free jazz playing boy lackey as the robot apparently tears down a wall around them, the last words of the mayor ""Oh f*&%"", followed by a quick fade to black. Part of me felt cheated, part of me confused, but mostly I was just laughing. A lot of the film is quite boring though, the best scenes bookend the film while the rest is far too slow. Takashi Miike has always mined the sexual motifs beneath male violence in action films, and this film with the exception of ""Gozu"", reinforces this theme more than any other. Sex and violence are two pretty basic themes, but like Cronerberg(who the jazz interludes may be a homage to ala Naked Lunch)Miike is able to show where the two connect, to hilarious an oddly cohesive effect.",1,1,0,0,Only Naive Bayes correct,,
"I don't know, but the movie was just too similar to other movies I've seen. The Ring, The Eye, Dark Water, they're all the same to me. Don't get me wrong, it's beautifully made, lovely camera work, great graphics, but that story is just too.. too common. In the end, it's the score that makes the suspense, you know: the screams, rumbles. The characters in the movie are also not reacting very naturally, moving very slowly, surprised by anything they see. I know some people that love this kind of film, and if you do, being a well made movie, I guess it doesn't hurt to watch it. But if you've seen the movie I've mentioned above and didn't like them, then I'd suggest you don't bother.",0,0,1,1,Only Naive Bayes correct,,
